--
-- PostgreSQL database dump
--

\restrict wZEo3yGNau0m2cuT2gX0UZ4iGcQy4s6823zebXgb9gsb9hf2w85UNTtulVplgdq

-- Dumped from database version 15.15
-- Dumped by pg_dump version 15.15

SET statement_timeout = 0;
SET lock_timeout = 0;
SET idle_in_transaction_session_timeout = 0;
SET client_encoding = 'UTF8';
SET standard_conforming_strings = on;
SELECT pg_catalog.set_config('search_path', '', false);
SET check_function_bodies = false;
SET xmloption = content;
SET client_min_messages = warning;
SET row_security = off;

SET default_tablespace = '';

SET default_table_access_method = heap;

--
-- Name: Appointments_appointment; Type: TABLE; Schema: public; Owner: workshop
--

CREATE TABLE public."Appointments_appointment" (
    id bigint NOT NULL,
    scheduled_date date NOT NULL,
    scheduled_time time without time zone NOT NULL,
    duration_minutes integer NOT NULL,
    status character varying(20) NOT NULL,
    notes text NOT NULL,
    created_at timestamp with time zone NOT NULL,
    updated_at timestamp with time zone NOT NULL,
    customer_id bigint NOT NULL,
    mechanic_id bigint,
    service_request_id bigint,
    site_id bigint NOT NULL,
    vehicle_id bigint NOT NULL,
    display_number character varying(20) NOT NULL,
    CONSTRAINT "Appointments_appointment_duration_minutes_check" CHECK ((duration_minutes >= 0))
);


ALTER TABLE public."Appointments_appointment" OWNER TO workshop;

--
-- Name: Appointments_appointment_id_seq; Type: SEQUENCE; Schema: public; Owner: workshop
--

ALTER TABLE public."Appointments_appointment" ALTER COLUMN id ADD GENERATED BY DEFAULT AS IDENTITY (
    SEQUENCE NAME public."Appointments_appointment_id_seq"
    START WITH 1
    INCREMENT BY 1
    NO MINVALUE
    NO MAXVALUE
    CACHE 1
);


--
-- Name: Customers_customer; Type: TABLE; Schema: public; Owner: workshop
--

CREATE TABLE public."Customers_customer" (
    id bigint NOT NULL,
    first_name character varying(50) NOT NULL,
    last_name character varying(50) NOT NULL,
    email character varying(254),
    phone_number character varying(20) NOT NULL,
    receive_service_reminders boolean NOT NULL
);


ALTER TABLE public."Customers_customer" OWNER TO workshop;

--
-- Name: Customers_customer_id_seq; Type: SEQUENCE; Schema: public; Owner: workshop
--

ALTER TABLE public."Customers_customer" ALTER COLUMN id ADD GENERATED BY DEFAULT AS IDENTITY (
    SEQUENCE NAME public."Customers_customer_id_seq"
    START WITH 1
    INCREMENT BY 1
    NO MINVALUE
    NO MAXVALUE
    CACHE 1
);


--
-- Name: Inventories_inventory; Type: TABLE; Schema: public; Owner: workshop
--

CREATE TABLE public."Inventories_inventory" (
    id bigint NOT NULL,
    quantity_on_hand integer NOT NULL,
    restricted_edit boolean NOT NULL,
    product_id bigint NOT NULL,
    site_id bigint NOT NULL,
    quantity_reserved integer NOT NULL,
    reorder_level integer NOT NULL,
    reorder_quantity integer NOT NULL,
    bin_location character varying(80) NOT NULL,
    last_counted_at timestamp with time zone,
    last_restocked_at timestamp with time zone,
    CONSTRAINT "Inventories_inventory_quantity_on_hand_f0f559c2_check" CHECK ((quantity_on_hand >= 0)),
    CONSTRAINT "Inventories_inventory_quantity_reserved_check" CHECK ((quantity_reserved >= 0)),
    CONSTRAINT "Inventories_inventory_reorder_level_check" CHECK ((reorder_level >= 0)),
    CONSTRAINT "Inventories_inventory_reorder_quantity_check" CHECK ((reorder_quantity >= 0))
);


ALTER TABLE public."Inventories_inventory" OWNER TO workshop;

--
-- Name: Inventories_inventory_id_seq; Type: SEQUENCE; Schema: public; Owner: workshop
--

ALTER TABLE public."Inventories_inventory" ALTER COLUMN id ADD GENERATED BY DEFAULT AS IDENTITY (
    SEQUENCE NAME public."Inventories_inventory_id_seq"
    START WITH 1
    INCREMENT BY 1
    NO MINVALUE
    NO MAXVALUE
    CACHE 1
);


--
-- Name: Inventories_inventorytransaction; Type: TABLE; Schema: public; Owner: workshop
--

CREATE TABLE public."Inventories_inventorytransaction" (
    id bigint NOT NULL,
    transaction_type character varying(20) NOT NULL,
    quantity integer NOT NULL,
    reference_type character varying(60) NOT NULL,
    reference_id integer,
    notes text NOT NULL,
    created_at timestamp with time zone NOT NULL,
    inventory_id bigint NOT NULL,
    created_by_id bigint,
    CONSTRAINT "Inventories_inventorytransaction_reference_id_check" CHECK ((reference_id >= 0))
);


ALTER TABLE public."Inventories_inventorytransaction" OWNER TO workshop;

--
-- Name: Inventories_inventorytransaction_id_seq; Type: SEQUENCE; Schema: public; Owner: workshop
--

ALTER TABLE public."Inventories_inventorytransaction" ALTER COLUMN id ADD GENERATED BY DEFAULT AS IDENTITY (
    SEQUENCE NAME public."Inventories_inventorytransaction_id_seq"
    START WITH 1
    INCREMENT BY 1
    NO MINVALUE
    NO MAXVALUE
    CACHE 1
);


--
-- Name: Invoices_invoice; Type: TABLE; Schema: public; Owner: workshop
--

CREATE TABLE public."Invoices_invoice" (
    id bigint NOT NULL,
    total_cost numeric(10,2) NOT NULL,
    paid boolean NOT NULL,
    created_at timestamp with time zone NOT NULL,
    updated_at timestamp with time zone NOT NULL,
    service_request_id bigint NOT NULL,
    subtotal numeric(10,2) NOT NULL,
    discount_amount numeric(10,2) NOT NULL,
    promotion_id bigint,
    payment_method character varying(20),
    display_number character varying(20) NOT NULL
);


ALTER TABLE public."Invoices_invoice" OWNER TO workshop;

--
-- Name: Invoices_invoice_id_seq; Type: SEQUENCE; Schema: public; Owner: workshop
--

ALTER TABLE public."Invoices_invoice" ALTER COLUMN id ADD GENERATED BY DEFAULT AS IDENTITY (
    SEQUENCE NAME public."Invoices_invoice_id_seq"
    START WITH 1
    INCREMENT BY 1
    NO MINVALUE
    NO MAXVALUE
    CACHE 1
);


--
-- Name: Mechanics_mechanic; Type: TABLE; Schema: public; Owner: workshop
--

CREATE TABLE public."Mechanics_mechanic" (
    id bigint NOT NULL,
    name character varying(100) NOT NULL,
    phone_number character varying(20) NOT NULL,
    site_id bigint NOT NULL
);


ALTER TABLE public."Mechanics_mechanic" OWNER TO workshop;

--
-- Name: Mechanics_mechanic_id_seq; Type: SEQUENCE; Schema: public; Owner: workshop
--

ALTER TABLE public."Mechanics_mechanic" ALTER COLUMN id ADD GENERATED BY DEFAULT AS IDENTITY (
    SEQUENCE NAME public."Mechanics_mechanic_id_seq"
    START WITH 1
    INCREMENT BY 1
    NO MINVALUE
    NO MAXVALUE
    CACHE 1
);


--
-- Name: Products_product; Type: TABLE; Schema: public; Owner: workshop
--

CREATE TABLE public."Products_product" (
    id bigint NOT NULL,
    name character varying(200) NOT NULL,
    unit_price numeric(12,2) NOT NULL,
    sku character varying(80),
    category character varying(20) NOT NULL,
    description text NOT NULL,
    brand character varying(100) NOT NULL,
    part_number character varying(100) NOT NULL,
    cost_price numeric(12,2),
    unit_of_measure character varying(20) NOT NULL,
    is_active boolean NOT NULL,
    fmsi_number character varying(80),
    application text NOT NULL,
    "position" character varying(20) NOT NULL,
    product_type character varying(80) NOT NULL,
    image character varying(100)
);


ALTER TABLE public."Products_product" OWNER TO workshop;

--
-- Name: Products_product_id_seq; Type: SEQUENCE; Schema: public; Owner: workshop
--

ALTER TABLE public."Products_product" ALTER COLUMN id ADD GENERATED BY DEFAULT AS IDENTITY (
    SEQUENCE NAME public."Products_product_id_seq"
    START WITH 1
    INCREMENT BY 1
    NO MINVALUE
    NO MAXVALUE
    CACHE 1
);


--
-- Name: Promotions_promotion; Type: TABLE; Schema: public; Owner: workshop
--

CREATE TABLE public."Promotions_promotion" (
    id bigint NOT NULL,
    title character varying(100) NOT NULL,
    description text NOT NULL,
    start_date date NOT NULL,
    end_date date NOT NULL,
    discount_percent numeric(5,2),
    discount_amount numeric(10,2)
);


ALTER TABLE public."Promotions_promotion" OWNER TO workshop;

--
-- Name: Promotions_promotion_id_seq; Type: SEQUENCE; Schema: public; Owner: workshop
--

ALTER TABLE public."Promotions_promotion" ALTER COLUMN id ADD GENERATED BY DEFAULT AS IDENTITY (
    SEQUENCE NAME public."Promotions_promotion_id_seq"
    START WITH 1
    INCREMENT BY 1
    NO MINVALUE
    NO MAXVALUE
    CACHE 1
);


--
-- Name: ServiceRequests_productusage; Type: TABLE; Schema: public; Owner: workshop
--

CREATE TABLE public."ServiceRequests_productusage" (
    id bigint NOT NULL,
    quantity_used integer NOT NULL,
    product_id bigint NOT NULL,
    service_request_id bigint NOT NULL,
    CONSTRAINT "ServiceRequests_productusage_quantity_used_check" CHECK ((quantity_used >= 0))
);


ALTER TABLE public."ServiceRequests_productusage" OWNER TO workshop;

--
-- Name: ServiceRequests_productusage_id_seq; Type: SEQUENCE; Schema: public; Owner: workshop
--

ALTER TABLE public."ServiceRequests_productusage" ALTER COLUMN id ADD GENERATED BY DEFAULT AS IDENTITY (
    SEQUENCE NAME public."ServiceRequests_productusage_id_seq"
    START WITH 1
    INCREMENT BY 1
    NO MINVALUE
    NO MAXVALUE
    CACHE 1
);


--
-- Name: ServiceRequests_servicecategory; Type: TABLE; Schema: public; Owner: workshop
--

CREATE TABLE public."ServiceRequests_servicecategory" (
    id bigint NOT NULL,
    name character varying(80) NOT NULL,
    "order" integer NOT NULL,
    CONSTRAINT "ServiceRequests_servicecategory_order_check" CHECK (("order" >= 0))
);


ALTER TABLE public."ServiceRequests_servicecategory" OWNER TO workshop;

--
-- Name: ServiceRequests_servicecategory_id_seq; Type: SEQUENCE; Schema: public; Owner: workshop
--

ALTER TABLE public."ServiceRequests_servicecategory" ALTER COLUMN id ADD GENERATED BY DEFAULT AS IDENTITY (
    SEQUENCE NAME public."ServiceRequests_servicecategory_id_seq"
    START WITH 1
    INCREMENT BY 1
    NO MINVALUE
    NO MAXVALUE
    CACHE 1
);


--
-- Name: ServiceRequests_servicerequest; Type: TABLE; Schema: public; Owner: workshop
--

CREATE TABLE public."ServiceRequests_servicerequest" (
    id bigint NOT NULL,
    description text NOT NULL,
    status character varying(20) NOT NULL,
    assigned_mechanic_id bigint,
    customer_id bigint NOT NULL,
    site_id bigint NOT NULL,
    vehicle_id bigint,
    created_at timestamp with time zone NOT NULL,
    labor_cost numeric(10,2) NOT NULL,
    service_type_id bigint,
    display_number character varying(20) NOT NULL
);


ALTER TABLE public."ServiceRequests_servicerequest" OWNER TO workshop;

--
-- Name: ServiceRequests_servicerequest_id_seq; Type: SEQUENCE; Schema: public; Owner: workshop
--

ALTER TABLE public."ServiceRequests_servicerequest" ALTER COLUMN id ADD GENERATED BY DEFAULT AS IDENTITY (
    SEQUENCE NAME public."ServiceRequests_servicerequest_id_seq"
    START WITH 1
    INCREMENT BY 1
    NO MINVALUE
    NO MAXVALUE
    CACHE 1
);


--
-- Name: ServiceRequests_servicetype; Type: TABLE; Schema: public; Owner: workshop
--

CREATE TABLE public."ServiceRequests_servicetype" (
    id bigint NOT NULL,
    name character varying(120) NOT NULL,
    "order" integer NOT NULL,
    category_id bigint NOT NULL,
    CONSTRAINT "ServiceRequests_servicetype_order_check" CHECK (("order" >= 0))
);


ALTER TABLE public."ServiceRequests_servicetype" OWNER TO workshop;

--
-- Name: ServiceRequests_servicetype_id_seq; Type: SEQUENCE; Schema: public; Owner: workshop
--

ALTER TABLE public."ServiceRequests_servicetype" ALTER COLUMN id ADD GENERATED BY DEFAULT AS IDENTITY (
    SEQUENCE NAME public."ServiceRequests_servicetype_id_seq"
    START WITH 1
    INCREMENT BY 1
    NO MINVALUE
    NO MAXVALUE
    CACHE 1
);


--
-- Name: Site_site; Type: TABLE; Schema: public; Owner: workshop
--

CREATE TABLE public."Site_site" (
    id bigint NOT NULL,
    name character varying(100) NOT NULL,
    location character varying(200) NOT NULL,
    contact_number character varying(15) NOT NULL,
    manager_id bigint
);


ALTER TABLE public."Site_site" OWNER TO workshop;

--
-- Name: Site_site_id_seq; Type: SEQUENCE; Schema: public; Owner: workshop
--

ALTER TABLE public."Site_site" ALTER COLUMN id ADD GENERATED BY DEFAULT AS IDENTITY (
    SEQUENCE NAME public."Site_site_id_seq"
    START WITH 1
    INCREMENT BY 1
    NO MINVALUE
    NO MAXVALUE
    CACHE 1
);


--
-- Name: Vehicles_vehicle; Type: TABLE; Schema: public; Owner: workshop
--

CREATE TABLE public."Vehicles_vehicle" (
    id bigint NOT NULL,
    make character varying(50) NOT NULL,
    model character varying(50) NOT NULL,
    year integer NOT NULL,
    license_plate character varying(50) NOT NULL,
    customer_id bigint NOT NULL,
    site_id bigint NOT NULL,
    last_serviced date,
    service_interval_days integer,
    last_reminder_sent date,
    CONSTRAINT "Vehicles_vehicle_service_interval_days_check" CHECK ((service_interval_days >= 0))
);


ALTER TABLE public."Vehicles_vehicle" OWNER TO workshop;

--
-- Name: Vehicles_vehicle_id_seq; Type: SEQUENCE; Schema: public; Owner: workshop
--

ALTER TABLE public."Vehicles_vehicle" ALTER COLUMN id ADD GENERATED BY DEFAULT AS IDENTITY (
    SEQUENCE NAME public."Vehicles_vehicle_id_seq"
    START WITH 1
    INCREMENT BY 1
    NO MINVALUE
    NO MAXVALUE
    CACHE 1
);


--
-- Name: accounts_customuser; Type: TABLE; Schema: public; Owner: workshop
--

CREATE TABLE public.accounts_customuser (
    id bigint NOT NULL,
    password character varying(128) NOT NULL,
    last_login timestamp with time zone,
    is_superuser boolean NOT NULL,
    first_name character varying(150) NOT NULL,
    last_name character varying(150) NOT NULL,
    is_staff boolean NOT NULL,
    is_active boolean NOT NULL,
    date_joined timestamp with time zone NOT NULL,
    email character varying(254) NOT NULL,
    location character varying(255) NOT NULL,
    site_id bigint,
    phone_number character varying(20) NOT NULL
);


ALTER TABLE public.accounts_customuser OWNER TO workshop;

--
-- Name: accounts_customuser_groups; Type: TABLE; Schema: public; Owner: workshop
--

CREATE TABLE public.accounts_customuser_groups (
    id bigint NOT NULL,
    customuser_id bigint NOT NULL,
    group_id integer NOT NULL
);


ALTER TABLE public.accounts_customuser_groups OWNER TO workshop;

--
-- Name: accounts_customuser_groups_id_seq; Type: SEQUENCE; Schema: public; Owner: workshop
--

ALTER TABLE public.accounts_customuser_groups ALTER COLUMN id ADD GENERATED BY DEFAULT AS IDENTITY (
    SEQUENCE NAME public.accounts_customuser_groups_id_seq
    START WITH 1
    INCREMENT BY 1
    NO MINVALUE
    NO MAXVALUE
    CACHE 1
);


--
-- Name: accounts_customuser_id_seq; Type: SEQUENCE; Schema: public; Owner: workshop
--

ALTER TABLE public.accounts_customuser ALTER COLUMN id ADD GENERATED BY DEFAULT AS IDENTITY (
    SEQUENCE NAME public.accounts_customuser_id_seq
    START WITH 1
    INCREMENT BY 1
    NO MINVALUE
    NO MAXVALUE
    CACHE 1
);


--
-- Name: accounts_customuser_user_permissions; Type: TABLE; Schema: public; Owner: workshop
--

CREATE TABLE public.accounts_customuser_user_permissions (
    id bigint NOT NULL,
    customuser_id bigint NOT NULL,
    permission_id integer NOT NULL
);


ALTER TABLE public.accounts_customuser_user_permissions OWNER TO workshop;

--
-- Name: accounts_customuser_user_permissions_id_seq; Type: SEQUENCE; Schema: public; Owner: workshop
--

ALTER TABLE public.accounts_customuser_user_permissions ALTER COLUMN id ADD GENERATED BY DEFAULT AS IDENTITY (
    SEQUENCE NAME public.accounts_customuser_user_permissions_id_seq
    START WITH 1
    INCREMENT BY 1
    NO MINVALUE
    NO MAXVALUE
    CACHE 1
);


--
-- Name: audit_auditlog; Type: TABLE; Schema: public; Owner: workshop
--

CREATE TABLE public.audit_auditlog (
    id bigint NOT NULL,
    action character varying(10) NOT NULL,
    model_label character varying(100) NOT NULL,
    object_id character varying(100) NOT NULL,
    object_repr character varying(200) NOT NULL,
    changes_json text NOT NULL,
    created_at timestamp with time zone NOT NULL,
    user_id bigint
);


ALTER TABLE public.audit_auditlog OWNER TO workshop;

--
-- Name: audit_auditlog_id_seq; Type: SEQUENCE; Schema: public; Owner: workshop
--

ALTER TABLE public.audit_auditlog ALTER COLUMN id ADD GENERATED BY DEFAULT AS IDENTITY (
    SEQUENCE NAME public.audit_auditlog_id_seq
    START WITH 1
    INCREMENT BY 1
    NO MINVALUE
    NO MAXVALUE
    CACHE 1
);


--
-- Name: auth_group; Type: TABLE; Schema: public; Owner: workshop
--

CREATE TABLE public.auth_group (
    id integer NOT NULL,
    name character varying(150) NOT NULL
);


ALTER TABLE public.auth_group OWNER TO workshop;

--
-- Name: auth_group_id_seq; Type: SEQUENCE; Schema: public; Owner: workshop
--

ALTER TABLE public.auth_group ALTER COLUMN id ADD GENERATED BY DEFAULT AS IDENTITY (
    SEQUENCE NAME public.auth_group_id_seq
    START WITH 1
    INCREMENT BY 1
    NO MINVALUE
    NO MAXVALUE
    CACHE 1
);


--
-- Name: auth_group_permissions; Type: TABLE; Schema: public; Owner: workshop
--

CREATE TABLE public.auth_group_permissions (
    id bigint NOT NULL,
    group_id integer NOT NULL,
    permission_id integer NOT NULL
);


ALTER TABLE public.auth_group_permissions OWNER TO workshop;

--
-- Name: auth_group_permissions_id_seq; Type: SEQUENCE; Schema: public; Owner: workshop
--

ALTER TABLE public.auth_group_permissions ALTER COLUMN id ADD GENERATED BY DEFAULT AS IDENTITY (
    SEQUENCE NAME public.auth_group_permissions_id_seq
    START WITH 1
    INCREMENT BY 1
    NO MINVALUE
    NO MAXVALUE
    CACHE 1
);


--
-- Name: auth_permission; Type: TABLE; Schema: public; Owner: workshop
--

CREATE TABLE public.auth_permission (
    id integer NOT NULL,
    name character varying(255) NOT NULL,
    content_type_id integer NOT NULL,
    codename character varying(100) NOT NULL
);


ALTER TABLE public.auth_permission OWNER TO workshop;

--
-- Name: auth_permission_id_seq; Type: SEQUENCE; Schema: public; Owner: workshop
--

ALTER TABLE public.auth_permission ALTER COLUMN id ADD GENERATED BY DEFAULT AS IDENTITY (
    SEQUENCE NAME public.auth_permission_id_seq
    START WITH 1
    INCREMENT BY 1
    NO MINVALUE
    NO MAXVALUE
    CACHE 1
);


--
-- Name: common_displaynumbersequence; Type: TABLE; Schema: public; Owner: workshop
--

CREATE TABLE public.common_displaynumbersequence (
    id bigint NOT NULL,
    prefix character varying(10) NOT NULL,
    year integer NOT NULL,
    last_value integer NOT NULL,
    CONSTRAINT common_displaynumbersequence_last_value_check CHECK ((last_value >= 0)),
    CONSTRAINT common_displaynumbersequence_year_check CHECK ((year >= 0))
);


ALTER TABLE public.common_displaynumbersequence OWNER TO workshop;

--
-- Name: common_displaynumbersequence_id_seq; Type: SEQUENCE; Schema: public; Owner: workshop
--

ALTER TABLE public.common_displaynumbersequence ALTER COLUMN id ADD GENERATED BY DEFAULT AS IDENTITY (
    SEQUENCE NAME public.common_displaynumbersequence_id_seq
    START WITH 1
    INCREMENT BY 1
    NO MINVALUE
    NO MAXVALUE
    CACHE 1
);


--
-- Name: django_admin_log; Type: TABLE; Schema: public; Owner: workshop
--

CREATE TABLE public.django_admin_log (
    id integer NOT NULL,
    action_time timestamp with time zone NOT NULL,
    object_id text,
    object_repr character varying(200) NOT NULL,
    action_flag smallint NOT NULL,
    change_message text NOT NULL,
    content_type_id integer,
    user_id bigint NOT NULL,
    CONSTRAINT django_admin_log_action_flag_check CHECK ((action_flag >= 0))
);


ALTER TABLE public.django_admin_log OWNER TO workshop;

--
-- Name: django_admin_log_id_seq; Type: SEQUENCE; Schema: public; Owner: workshop
--

ALTER TABLE public.django_admin_log ALTER COLUMN id ADD GENERATED BY DEFAULT AS IDENTITY (
    SEQUENCE NAME public.django_admin_log_id_seq
    START WITH 1
    INCREMENT BY 1
    NO MINVALUE
    NO MAXVALUE
    CACHE 1
);


--
-- Name: django_content_type; Type: TABLE; Schema: public; Owner: workshop
--

CREATE TABLE public.django_content_type (
    id integer NOT NULL,
    app_label character varying(100) NOT NULL,
    model character varying(100) NOT NULL
);


ALTER TABLE public.django_content_type OWNER TO workshop;

--
-- Name: django_content_type_id_seq; Type: SEQUENCE; Schema: public; Owner: workshop
--

ALTER TABLE public.django_content_type ALTER COLUMN id ADD GENERATED BY DEFAULT AS IDENTITY (
    SEQUENCE NAME public.django_content_type_id_seq
    START WITH 1
    INCREMENT BY 1
    NO MINVALUE
    NO MAXVALUE
    CACHE 1
);


--
-- Name: django_migrations; Type: TABLE; Schema: public; Owner: workshop
--

CREATE TABLE public.django_migrations (
    id bigint NOT NULL,
    app character varying(255) NOT NULL,
    name character varying(255) NOT NULL,
    applied timestamp with time zone NOT NULL
);


ALTER TABLE public.django_migrations OWNER TO workshop;

--
-- Name: django_migrations_id_seq; Type: SEQUENCE; Schema: public; Owner: workshop
--

ALTER TABLE public.django_migrations ALTER COLUMN id ADD GENERATED BY DEFAULT AS IDENTITY (
    SEQUENCE NAME public.django_migrations_id_seq
    START WITH 1
    INCREMENT BY 1
    NO MINVALUE
    NO MAXVALUE
    CACHE 1
);


--
-- Name: django_session; Type: TABLE; Schema: public; Owner: workshop
--

CREATE TABLE public.django_session (
    session_key character varying(40) NOT NULL,
    session_data text NOT NULL,
    expire_date timestamp with time zone NOT NULL
);


ALTER TABLE public.django_session OWNER TO workshop;

--
-- Name: token_blacklist_blacklistedtoken; Type: TABLE; Schema: public; Owner: workshop
--

CREATE TABLE public.token_blacklist_blacklistedtoken (
    id bigint NOT NULL,
    blacklisted_at timestamp with time zone NOT NULL,
    token_id bigint NOT NULL
);


ALTER TABLE public.token_blacklist_blacklistedtoken OWNER TO workshop;

--
-- Name: token_blacklist_blacklistedtoken_id_seq; Type: SEQUENCE; Schema: public; Owner: workshop
--

ALTER TABLE public.token_blacklist_blacklistedtoken ALTER COLUMN id ADD GENERATED BY DEFAULT AS IDENTITY (
    SEQUENCE NAME public.token_blacklist_blacklistedtoken_id_seq
    START WITH 1
    INCREMENT BY 1
    NO MINVALUE
    NO MAXVALUE
    CACHE 1
);


--
-- Name: token_blacklist_outstandingtoken; Type: TABLE; Schema: public; Owner: workshop
--

CREATE TABLE public.token_blacklist_outstandingtoken (
    id bigint NOT NULL,
    token text NOT NULL,
    created_at timestamp with time zone,
    expires_at timestamp with time zone NOT NULL,
    user_id bigint,
    jti character varying(255) NOT NULL
);


ALTER TABLE public.token_blacklist_outstandingtoken OWNER TO workshop;

--
-- Name: token_blacklist_outstandingtoken_id_seq; Type: SEQUENCE; Schema: public; Owner: workshop
--

ALTER TABLE public.token_blacklist_outstandingtoken ALTER COLUMN id ADD GENERATED BY DEFAULT AS IDENTITY (
    SEQUENCE NAME public.token_blacklist_outstandingtoken_id_seq
    START WITH 1
    INCREMENT BY 1
    NO MINVALUE
    NO MAXVALUE
    CACHE 1
);


--
-- Data for Name: Appointments_appointment; Type: TABLE DATA; Schema: public; Owner: workshop
--

COPY public."Appointments_appointment" (id, scheduled_date, scheduled_time, duration_minutes, status, notes, created_at, updated_at, customer_id, mechanic_id, service_request_id, site_id, vehicle_id, display_number) FROM stdin;
\.


--
-- Data for Name: Customers_customer; Type: TABLE DATA; Schema: public; Owner: workshop
--

COPY public."Customers_customer" (id, first_name, last_name, email, phone_number, receive_service_reminders) FROM stdin;
1	John	Doe	johndoe@gmail.com	548986208	t
2	Marvin	Opoku	marvin885@gmail.com	233247195775	t
3	Christian	Nyavor	chris@yahoo.com	233457987	t
4	cassandra	ofosua	cass@gmail.com	233207997231	t
5	Walk-in	Customer	\N	0000000000	f
6	Walk-in	Customer	\N	0000000000	f
7	elorm	Azasu	elorm@gmail.com	0244778987	t
8	Aaron	Luri	aaron.luri@gpsghana.org	233246789546	t
11	Ernest	Sewornu	\N	233509438302	t
\.


--
-- Data for Name: Inventories_inventory; Type: TABLE DATA; Schema: public; Owner: workshop
--

COPY public."Inventories_inventory" (id, quantity_on_hand, restricted_edit, product_id, site_id, quantity_reserved, reorder_level, reorder_quantity, bin_location, last_counted_at, last_restocked_at) FROM stdin;
3	200	t	329	1	0	100	100	B-32-11	\N	\N
4	200	t	451	2	0	50	50	B-44-23	\N	\N
2	70	t	285	2	0	50	100	A-11-2	\N	\N
5	100	t	392	2	0	50	50	Isle-123	\N	\N
7	100	t	541	2	0	50	50	Isle-124	\N	\N
6	90	t	540	2	0	50	50	Isle-124	\N	\N
\.


--
-- Data for Name: Inventories_inventorytransaction; Type: TABLE DATA; Schema: public; Owner: workshop
--

COPY public."Inventories_inventorytransaction" (id, transaction_type, quantity, reference_type, reference_id, notes, created_at, inventory_id, created_by_id) FROM stdin;
1	out	-20	product_usage	3	Service request #6	2026-02-05 16:16:15.871197+00	2	\N
2	out	-2	product_usage	4	Service request #8	2026-02-06 21:23:16.280119+00	2	\N
3	out	-2	product_usage	5	Service request #7	2026-02-06 21:40:50.39531+00	2	\N
4	out	-2	product_usage	6	Service request #5	2026-02-06 21:46:29.119585+00	2	\N
5	out	-2	product_usage	7	Service request #9	2026-02-06 21:47:50.279175+00	2	\N
6	out	-1	product_usage	8	Service request #13	2026-02-10 14:39:22.967246+00	2	\N
7	out	-1	product_usage	9	Service request #16	2026-02-10 18:44:38.377303+00	2	\N
8	out	-10	product_usage	11	Service request #23	2026-02-11 12:06:12.598094+00	6	\N
\.


--
-- Data for Name: Invoices_invoice; Type: TABLE DATA; Schema: public; Owner: workshop
--

COPY public."Invoices_invoice" (id, total_cost, paid, created_at, updated_at, service_request_id, subtotal, discount_amount, promotion_id, payment_method, display_number) FROM stdin;
1	30.00	t	2026-01-30 15:44:27.115334+00	2026-02-06 17:05:03.178626+00	3	30.00	0.00	\N	cash	INV-2026-00001
2	50.00	t	2026-02-02 17:53:49.751825+00	2026-02-06 17:05:04.965403+00	4	50.00	0.00	\N	cash	INV-2026-00002
3	8600.00	t	2026-02-05 16:16:15.875284+00	2026-02-05 16:26:26.953142+00	6	8600.00	0.00	\N	momo	INV-2026-00003
4	860.00	t	2026-02-06 21:23:16.292353+00	2026-02-06 21:23:30.934828+00	8	860.00	0.00	\N	momo	INV-2026-00004
5	860.00	t	2026-02-06 21:40:50.40114+00	2026-02-06 21:40:58.996835+00	7	860.00	0.00	\N	pos	INV-2026-00005
6	860.00	t	2026-02-06 21:46:29.123329+00	2026-02-06 21:46:36.640294+00	5	860.00	0.00	\N	pos	INV-2026-00006
7	860.00	t	2026-02-06 21:47:50.280735+00	2026-02-06 21:47:54.197722+00	9	860.00	0.00	\N	cash	INV-2026-00007
8	30.00	t	2026-02-07 14:47:26.786747+00	2026-02-07 14:47:34.241386+00	2	30.00	0.00	\N	cash	INV-2026-00008
9	50.00	t	2026-02-09 20:49:58.920799+00	2026-02-10 10:56:58.562635+00	11	50.00	0.00	\N	pos	INV-2026-00009
10	50.00	t	2026-02-10 11:53:36.462053+00	2026-02-10 14:37:09.376689+00	12	50.00	0.00	\N	cash	INV-2026-00010
11	429.50	t	2026-02-10 14:39:22.974417+00	2026-02-10 14:39:50.706091+00	13	430.00	0.50	\N	pos	INV-2026-00011
12	10.00	t	2026-02-10 18:36:26.159144+00	2026-02-10 18:37:51.813781+00	14	10.00	0.00	\N	cash	INV-2026-00012
13	430.00	t	2026-02-10 18:44:38.381735+00	2026-02-10 18:44:56.54115+00	16	430.00	0.00	\N	momo	INV-2026-00013
14	4200.00	f	2026-02-11 12:06:12.603279+00	2026-02-11 12:06:12.603298+00	23	4200.00	0.00	\N	\N	INV-2026-00014
\.


--
-- Data for Name: Mechanics_mechanic; Type: TABLE DATA; Schema: public; Owner: workshop
--

COPY public."Mechanics_mechanic" (id, name, phone_number, site_id) FROM stdin;
1	Michael Jackson	0233789675	1
2	Razak	+234897435	2
\.


--
-- Data for Name: Products_product; Type: TABLE DATA; Schema: public; Owner: workshop
--

COPY public."Products_product" (id, name, unit_price, sku, category, description, brand, part_number, cost_price, unit_of_measure, is_active, fmsi_number, application, "position", product_type, image) FROM stdin;
285	04465-60380 - FRONT (TOYOTA LANDCRUISER 300, 2022-  TUNDRA , LEXUS 500D ,LX600 2021~)	430.00	04465-60380	spare_part		TOYOTA		\N	each	t	04465-60380	TOYOTA LANDCRUISER 300, 2022-  TUNDRA , LEXUS 500D ,LX600 2021~	FRONT	BRAKEPAD	\N
286	04466-60190 - REAR (TOYOTA LANDCRUISER 300, 2022-  TUNDRA , LEXUS 500D ,LX600 2021~)	330.00	04466-60190	spare_part		TOYOTA		\N	each	t	04466-60190	TOYOTA LANDCRUISER 300, 2022-  TUNDRA , LEXUS 500D ,LX600 2021~	REAR	BRAKEPAD	\N
287	AB1184 - FRONT (TOYOTA YARIS 2006- 2016, VITZ 2010- 2014)	160.00	AB1184	spare_part		TOYOTA		\N	each	t	AB1184	TOYOTA YARIS 2006- 2016, VITZ 2010- 2014	FRONT	BRAKEPAD	\N
288	AB1210 - FRONT (TOYOTA COROLLA 2009- 2019, RAV4 2005-2013, MATRIX 2009-2015,PONTIAC VIBE 2009-20…)	200.00	AB1210	spare_part		TOYOTA		\N	each	t	AB1210	TOYOTA COROLLA 2009- 2019, RAV4 2005-2013, MATRIX 2009-2015,PONTIAC VIBE 2009-2010	FRONT	BRAKEPAD	\N
289	AB1212 - REAR (TOYOTA CAMRY 2007-2016, RAV4 2005-2013, PONTIAC VIBE 2009-2010 AWD)	160.00	AB1212	spare_part		TOYOTA		\N	each	t	AB1212	TOYOTA CAMRY 2007-2016, RAV4 2005-2013, PONTIAC VIBE 2009-2010 AWD	REAR	BRAKEPAD	\N
290	AB1222 - FRONT (TOYOTA CAMRY 2009-2018, AVALON 05-12, 12- 18,)	220.00	AB1222	spare_part		TOYOTA		\N	each	t	AB1222	TOYOTA CAMRY 2009-2018, AVALON 05-12, 12- 18,	FRONT	BRAKEPAD	\N
291	AB1303 - FRONT (TOYOTA LANDCRUISER 200, V8  2008- 2020 ,TUNDRA 2008- 2020, SEQUOIA 08- ,LEXUS LX…)	330.00	AB1303	spare_part		TOYOTA		\N	each	t	AB1303	TOYOTA LANDCRUISER 200, V8  2008- 2020 ,TUNDRA 2008- 2020, SEQUOIA 08- ,LEXUS LX460, LX570	FRONT	BRAKEPAD	\N
292	AB1324 - FRONT (HIGHLANDER 2008-2023, GRAND HIGHLANDER 23-, BZ4X  22-, LEXUS RX350 2008-2015)	300.00	AB1324	spare_part		TOYOTA		\N	each	t	AB1324	HIGHLANDER 2008-2023, GRAND HIGHLANDER 23-, BZ4X  22-, LEXUS RX350 2008-2015	FRONT	BRAKEPAD	\N
293	AB1391 - REAR (TOYOTA HIGHLANDER 2013-2019, FORTUNER 16-, LEXUS RX350 2008-2015)	160.00	AB1391	spare_part		TOYOTA		\N	each	t	AB1391	TOYOTA HIGHLANDER 2013-2019, FORTUNER 16-, LEXUS RX350 2008-2015	REAR	BRAKEPAD	\N
294	AB1423 - REAR (TOYOTA COROLLA 2009- 2013, TOYOTA MATRIX 2009-2015, PONTIAC VIBE 2009-2010)	160.00	AB1423	spare_part		TOYOTA		\N	each	t	AB1423	TOYOTA COROLLA 2009- 2013, TOYOTA MATRIX 2009-2015, PONTIAC VIBE 2009-2010	REAR	BRAKEPAD	\N
295	AB1550 - FRONT (TOYOTA COASTER 07-16, 2017~ , DYNA 03-11, HINO 300 Series  2007- 2025)	300.00	AB1550	spare_part		TOYOTA		\N	each	t	AB1550	TOYOTA COASTER 07-16, 2017~ , DYNA 03-11, HINO 300 Series  2007- 2025	FRONT	BRAKEPAD	\N
296	AB1567 - FRONT (TOYOTA HILUX 2KD 2008-2020, FORTUNER 2005- 2016)	300.00	AB1567	spare_part		TOYOTA		\N	each	t	AB1567	TOYOTA HILUX 2KD 2008-2020, FORTUNER 2005- 2016	FRONT	BRAKEPAD	\N
297	AB1586/AB1118 - FRONT (LEXUS GS200T,GS250GS350,GS430,GS450H,GS460 2007-2011, IS200t, IS250/300, IS350 0…)	300.00	AB1586/AB1118	spare_part		TOYOTA		\N	each	t	AB1586/AB1118	LEXUS GS200T,GS250GS350,GS430,GS450H,GS460 2007-2011, IS200t, IS250/300, IS350 05-19, RC350 2014-	FRONT	BRAKEPAD	\N
298	AB1726 - FRONT (TOYOTA CAMRY 11- 17 ,  BYD e6 2017~, Camry/Aurion  2006- 2011)	250.00	AB1726	spare_part		TOYOTA		\N	each	t	AB1726	TOYOTA CAMRY 11- 17 ,  BYD e6 2017~, Camry/Aurion  2006- 2011	FRONT	BRAKEPAD	\N
299	AB1727 - REAR (TOYOTA CAMRY 11- 17 , Camry/Aurion  2006- 2011)	200.00	AB1727	spare_part		TOYOTA		\N	each	t	AB1727	TOYOTA CAMRY 11- 17 , Camry/Aurion  2006- 2011	REAR	BRAKEPAD	\N
300	AB1805 - REAR (TOYOTA C-HR 2018~,  RC350 2015~, NX300 , 2017 ~,)	220.00	AB1805	spare_part		TOYOTA		\N	each	t	AB1805	TOYOTA C-HR 2018~,  RC350 2015~, NX300 , 2017 ~,	REAR	BRAKEPAD	\N
301	AB1852 - FRONT (TOYOTA YARIS iA 2015- , NISSAN KICKS 2016-,  MAZDA 2 2014-)	220.00	AB1852	spare_part		TOYOTA		\N	each	t	AB1852	TOYOTA YARIS iA 2015- , NISSAN KICKS 2016-,  MAZDA 2 2014-	FRONT	BRAKEPAD	\N
302	AB1879 - REAR (CAMRY 17-, RAV4 19- VENZA, RX350 15-20 YARIS CROSS, COROLLA CROSS 2020-,)	200.00	AB1879	spare_part		TOYOTA		\N	each	t	AB1879	CAMRY 17-, RAV4 19- VENZA, RX350 15-20 YARIS CROSS, COROLLA CROSS 2020-,	REAR	BRAKEPAD	\N
303	AB2058 - FRONT (TOYOTA HILUX 2KD 2016- 2020)	250.00	AB2058	spare_part		TOYOTA		\N	each	t	AB2058	TOYOTA HILUX 2KD 2016- 2020	FRONT	BRAKEPAD	\N
304	AB2076 - FRONT (TOYOTA CAMRY 2018-2024, RAV4 2018- C-HR 2019-, VENZA 20- , COROLLA CROSS 20-.)	250.00	AB2076	spare_part		TOYOTA		\N	each	t	AB2076	TOYOTA CAMRY 2018-2024, RAV4 2018- C-HR 2019-, VENZA 20- , COROLLA CROSS 20-.	FRONT	BRAKEPAD	\N
305	AB2086 - FRONT (TOYOTA HAICE 1985~)	300.00	AB2086	spare_part		TOYOTA		\N	each	t	AB2086	TOYOTA HAICE 1985~	FRONT	BRAKEPAD	\N
306	AB2176 - FRONT (TOYOTA COROLLA 2019-, YARIS/HYBRID 2019-, YARIS CROSS 2020- ,)	250.00	AB2176	spare_part		TOYOTA		\N	each	t	AB2176	TOYOTA COROLLA 2019-, YARIS/HYBRID 2019-, YARIS CROSS 2020- ,	FRONT	BRAKEPAD	\N
307	AB2183/AB2305 - REAR (COROLLA, YARIS CROSS, RAV4, HIGHLANDER, BZ4X, YARIS 19-, RX350H RX350 22-)	220.00	AB2183/AB2305	spare_part		TOYOTA		\N	each	t	AB2183/AB2305	COROLLA, YARIS CROSS, RAV4, HIGHLANDER, BZ4X, YARIS 19-, RX350H RX350 22-	REAR	BRAKEPAD	\N
308	AB2305/AB2183 - REAR (COROLLA, YARIS CROSS, RAV4, HIGHLANDER, BZ4X, YARIS 19-, RX350H RX350 22-)	220.00	AB2305/AB2183	spare_part		TOYOTA		\N	each	t	AB2305/AB2183	COROLLA, YARIS CROSS, RAV4, HIGHLANDER, BZ4X, YARIS 19-, RX350H RX350 22-	REAR	BRAKEPAD	\N
309	AB436 - FRONT (TOYOTA LANDCRUISER PRADO 1995-2002, 4RUNNER 1995-2002, HILUX 1995-2000, TACOMA 1…)	240.00	AB436	spare_part		TOYOTA		\N	each	t	AB436	TOYOTA LANDCRUISER PRADO 1995-2002, 4RUNNER 1995-2002, HILUX 1995-2000, TACOMA 1998-2002	FRONT	BRAKEPAD	\N
310	AB606 - REAR (TOYOTA LANDCRUISER PRADO 2009-2020, FORTUNER, 4RUNNER, LEXUS GX460, GX470, LX450)	220.00	AB606	spare_part		TOYOTA		\N	each	t	AB606	TOYOTA LANDCRUISER PRADO 2009-2020, FORTUNER, 4RUNNER, LEXUS GX460, GX470, LX450	REAR	BRAKEPAD	\N
311	AB772 - FRONT (LAND CRUISER 100 98-07,LANDCRUISER PICK-UP 98-20, TUNDRA 99- 06,SEQUOIA 99- 06)	330.00	AB772	spare_part		TOYOTA		\N	each	t	AB772	LAND CRUISER 100 98-07,LANDCRUISER PICK-UP 98-20, TUNDRA 99- 06,SEQUOIA 99- 06	FRONT	BRAKEPAD	\N
312	AB929 - FRONT (TOYOTA GR 86 2021~, 86 12~, SUBARU Impreza, Forester 2011~, SUBARU BRZ, Baja, Le…)	330.00	AB929	spare_part		TOYOTA		\N	each	t	AB929	TOYOTA GR 86 2021~, 86 12~, SUBARU Impreza, Forester 2011~, SUBARU BRZ, Baja, Legacy 09~	FRONT	BRAKEPAD	\N
313	AB990 - FRONT (TOYOTA YARIS 2001- 2006, ECHO 2001- 2006, Scion XA , Scion XB 2003- 2007)	180.00	AB990	spare_part		TOYOTA		\N	each	t	AB990	TOYOTA YARIS 2001- 2006, ECHO 2001- 2006, Scion XA , Scion XB 2003- 2007	FRONT	BRAKEPAD	\N
314	AB1086 - REAR (HONDA ACCORD TOURER 2012~ , RDX 2012~ , CRV 06- ~, ODYSSEY 2011~)	180.00	AB1086	spare_part		HONDA		\N	each	t	AB1086	HONDA ACCORD TOURER 2012~ , RDX 2012~ , CRV 06- ~, ODYSSEY 2011~	REAR	BRAKEPAD	\N
315	AB1089 - FRONT (HONDA CR-V 2007- 2015, ACURA RDX 2018-2022, ACCORD 2010-2012)	280.00	AB1089	spare_part		HONDA		\N	each	t	AB1089	HONDA CR-V 2007- 2015, ACURA RDX 2018-2022, ACCORD 2010-2012	FRONT	BRAKEPAD	\N
316	AB1281 - REAR (HONDA PILOT 2009-2015, ACURA MDX 2007- 2014 ,TOYOTA HIACE 2016-)	200.00	AB1281	spare_part		HONDA		\N	each	t	AB1281	HONDA PILOT 2009-2015, ACURA MDX 2007- 2014 ,TOYOTA HIACE 2016-	REAR	BRAKEPAD	\N
317	AB1336 - REAR (HONDA ACCORD 2003- 2017, CIVIC 2008-2015 HYBRID)	170.00	AB1336	spare_part		HONDA		\N	each	t	AB1336	HONDA ACCORD 2003- 2017, CIVIC 2008-2015 HYBRID	REAR	BRAKEPAD	\N
318	AB1378 - FRONT (HONDA PILOT 2009-2015, ACURA MDX 2007- 2014 , TOYOTA HIACE 2016 -)	300.00	AB1378	spare_part		HONDA		\N	each	t	AB1378	HONDA PILOT 2009-2015, ACURA MDX 2007- 2014 , TOYOTA HIACE 2016 -	FRONT	BRAKEPAD	\N
319	AB1654 - FRONT (HONDA ACCORD 2013- 2020, , ODYSSEY 2013-, HR-V 2015-2021, ACURA RDX 2015-2021)	300.00	AB1654	spare_part		HONDA		\N	each	t	AB1654	HONDA ACCORD 2013- 2020, , ODYSSEY 2013-, HR-V 2015-2021, ACURA RDX 2015-2021	FRONT	BRAKEPAD	\N
320	AB1841 - REAR (HONDA HR-V 2015-)	200.00	AB1841	spare_part		HONDA		\N	each	t	AB1841	HONDA HR-V 2015-	REAR	BRAKEPAD	\N
321	AB1860 - FRONT (HONDA CIVIC 2021~, BR-V 21~ , Integra 2021~ , Freed  2016~ , E Advance 2020~)	400.00	AB1860	spare_part		HONDA		\N	each	t	AB1860	HONDA CIVIC 2021~, BR-V 21~ , Integra 2021~ , Freed  2016~ , E Advance 2020~	FRONT	BRAKEPAD	\N
322	AB2036 - FRONT (HONDA CR-V 2017-2020)	350.00	AB2036	spare_part		HONDA		\N	each	t	AB2036	HONDA CR-V 2017-2020	FRONT	BRAKEPAD	\N
323	AB2037 - REAR (HONDA CR-V 2017-2020)	250.00	AB2037	spare_part		HONDA		\N	each	t	AB2037	HONDA CR-V 2017-2020	REAR	BRAKEPAD	\N
324	AB2115 - FRONT (HONDA ACCORD 2018- 2020 TOURING, SPORT, EXL)	370.00	AB2115	spare_part		HONDA		\N	each	t	AB2115	HONDA ACCORD 2018- 2020 TOURING, SPORT, EXL	FRONT	BRAKEPAD	\N
325	AB2418 - FRONT (ACURA TLX 2021)	430.00	AB2418	spare_part		HONDA		\N	each	t	AB2418	ACURA TLX 2021	FRONT	BRAKEPAD	\N
326	AB2185 - FRONT (HONDA CIVIC 2021~, INSIGHT 2018~)	300.00	AB2185	spare_part		HONDA		\N	each	t	AB2185	HONDA CIVIC 2021~, INSIGHT 2018~	FRONT	BRAKEPAD	\N
327	AB465 - FRONT (HONDA CIVIC 2007-2011, ACCORD 1998)	200.00	AB465	spare_part		HONDA		\N	each	t	AB465	HONDA CIVIC 2007-2011, ACCORD 1998	FRONT	BRAKEPAD	\N
328	AB537 - REAR (HONDA CIVIC 07- 2015, CRV 2006-2016, ELEMENT 2002-2010)	170.00	AB537	spare_part		HONDA		\N	each	t	AB537	HONDA CIVIC 07- 2015, CRV 2006-2016, ELEMENT 2002-2010	REAR	BRAKEPAD	\N
329	AB1041 - REAR (NISSAN ARMADA 03-12, TITAN 07-, QX56 03-10, JEEP COMMANDER 05-, GRAND CHEROKEE 0…)	220.00	AB1041	spare_part		NISSAN		\N	each	t	AB1041	NISSAN ARMADA 03-12, TITAN 07-, QX56 03-10, JEEP COMMANDER 05-, GRAND CHEROKEE 05-10	REAR	BRAKEPAD	\N
330	AB1094 - FRONT (NISSAN NAVARA 2005- 2014, PATHFINDER 2005- 2012, FRONTIER 08- 2016, XTERRA 05-16…)	300.00	AB1094	spare_part		NISSAN		\N	each	t	AB1094	NISSAN NAVARA 2005- 2014, PATHFINDER 2005- 2012, FRONTIER 08- 2016, XTERRA 05-16, NP300 15-	FRONT	BRAKEPAD	\N
331	AB1101 - REAR (NISSAN PATHFINDER 05-15, FRONTIER 05-15, XTERRA 05-2016)	180.00	AB1101	spare_part		NISSAN		\N	each	t	AB1101	NISSAN PATHFINDER 05-15, FRONTIER 05-15, XTERRA 05-2016	REAR	BRAKEPAD	\N
332	AB1338 - FRONT (NISSAN QASHQAI 2007- 2015, ROGUE 07-15, X-TRAIL 07-15, TOYOTA RUSH 2018-)	220.00	AB1338	spare_part		NISSAN		\N	each	t	AB1338	NISSAN QASHQAI 2007- 2015, ROGUE 07-15, X-TRAIL 07-15, TOYOTA RUSH 2018-	FRONT	BRAKEPAD	\N
333	AB1435 - FRONT (NISSAN TIIDA 2007- , NOTE, MICRA, ALMERA, MARCH 2002- 2010)	180.00	AB1435	spare_part		NISSAN		\N	each	t	AB1435	NISSAN TIIDA 2007- , NOTE, MICRA, ALMERA, MARCH 2002- 2010	FRONT	BRAKEPAD	\N
334	AB1510 - REAR (NISSAN PATROL Y62 2010- , ARMADA 2016-, INFINITI QX56 , QX80 2010-)	200.00	AB1510	spare_part		NISSAN		\N	each	t	AB1510	NISSAN PATROL Y62 2010- , ARMADA 2016-, INFINITI QX56 , QX80 2010-	REAR	BRAKEPAD	\N
335	AB1592 - FRONT (NISSAN Note 12-20, March 12-, Versa Note 13-,  Tiida 05-07,  Cube 08- , Almera 2…)	200.00	AB1592	spare_part		NISSAN		\N	each	t	AB1592	NISSAN Note 12-20, March 12-, Versa Note 13-,  Tiida 05-07,  Cube 08- , Almera 2012- , Bluebird Sylphy 16- 19	FRONT	BRAKEPAD	\N
336	AB1649 - FRONT (NISSAN PATHFINDER 2012- 2019, MURANO 2014-2019, INFINITI QX60 2012-)	300.00	AB1649	spare_part		NISSAN		\N	each	t	AB1649	NISSAN PATHFINDER 2012- 2019, MURANO 2014-2019, INFINITI QX60 2012-	FRONT	BRAKEPAD	\N
337	AB1650 - FRONT (NISSAN  Altima 12- , Maxima 16- , NISSAN  Teana 13- NISSAN Leaf 12-17)	300.00	AB1650	spare_part		NISSAN		\N	each	t	AB1650	NISSAN  Altima 12- , Maxima 16- , NISSAN  Teana 13- NISSAN Leaf 12-17	FRONT	BRAKEPAD	\N
338	AB1736 - FRONT (NISSAN ROQUE 2013-, X-TRAIL 2014- , INFINITI Q50 2014-)	230.00	AB1736	spare_part		NISSAN		\N	each	t	AB1736	NISSAN ROQUE 2013-, X-TRAIL 2014- , INFINITI Q50 2014-	FRONT	BRAKEPAD	\N
339	AB1737 - FRONT (NISSAN QASHQAI 2013- , ROGUE 13- , X-TRAIL 2013-)	230.00	AB1737	spare_part		NISSAN		\N	each	t	AB1737	NISSAN QASHQAI 2013- , ROGUE 13- , X-TRAIL 2013-	FRONT	BRAKEPAD	\N
340	AB1748 - FRONT (NISSAN PATROL Y62 2010- , INFINITI QX56 , QX80 2010-)	300.00	AB1748	spare_part		NISSAN		\N	each	t	AB1748	NISSAN PATROL Y62 2010- , INFINITI QX56 , QX80 2010-	FRONT	BRAKEPAD	\N
341	AB1788 - FRONT (NISSAN URVAN 01- 12,  NV350 Urvan 12- , Caravan 07- 12)	280.00	AB1788	spare_part		NISSAN		\N	each	t	AB1788	NISSAN URVAN 01- 12,  NV350 Urvan 12- , Caravan 07- 12	FRONT	BRAKEPAD	\N
342	AB1958 - FRONT (NISSAN PATROL Y61 1999- , SAFARI 1998~)	300.00	AB1958	spare_part		NISSAN		\N	each	t	AB1958	NISSAN PATROL Y61 1999- , SAFARI 1998~	FRONT	BRAKEPAD	\N
343	AB1959 - REAR (NISSAN PATROL Y61 2005-2010)	180.00	AB1959	spare_part		NISSAN		\N	each	t	AB1959	NISSAN PATROL Y61 2005-2010	REAR	BRAKEPAD	\N
344	AB1965 - REAR (NISSAN QASHQAI 2013- , ROGUE  SPORT 17- , X-TRAIL 2014- , RENAULT KOLEOS 2016-20…)	180.00	AB1965	spare_part		NISSAN		\N	each	t	AB1965	NISSAN QASHQAI 2013- , ROGUE  SPORT 17- , X-TRAIL 2014- , RENAULT KOLEOS 2016-2020	REAR	BRAKEPAD	\N
345	AB2038 - FRONT (NISSAN ALMERA 19~, KICKS 16~, NOTE 20~, VERSA 19~)	220.00	AB2038	spare_part		NISSAN		\N	each	t	AB2038	NISSAN ALMERA 19~, KICKS 16~, NOTE 20~, VERSA 19~	FRONT	BRAKEPAD	\N
346	AB2413 - FRONT (NISSAN QASHQAI 2022- , ROGUE 22- , PATHFINDER 2023, MITSHUBISHI OUTLANDER 2022~)	350.00	AB2413	spare_part		NISSAN		\N	each	t	AB2413	NISSAN QASHQAI 2022- , ROGUE 22- , PATHFINDER 2023, MITSHUBISHI OUTLANDER 2022~	FRONT	BRAKEPAD	\N
347	AB333 - FRONT (NISSAN HARDBODY 2006- , NAVARA 1997- 2012, PICK- UP 1997- 2005, URVAN 1992-2002)	250.00	AB333	spare_part		NISSAN		\N	each	t	AB333	NISSAN HARDBODY 2006- , NAVARA 1997- 2012, PICK- UP 1997- 2005, URVAN 1992-2002	FRONT	BRAKEPAD	\N
348	AB830 - FRONT (NISSAN HARDBODY 2006- , NISSAN PICK-UP 1997- 2012)	260.00	AB830	spare_part		NISSAN		\N	each	t	AB830	NISSAN HARDBODY 2006- , NISSAN PICK-UP 1997- 2012	FRONT	BRAKEPAD	\N
349	AB888 - FRONT (NISSAN PATHFINDER 2005-2014, NAVARA 2005-2013, INFINITI FX35, FX45, Q40, Q45, Q5…)	250.00	AB888	spare_part		NISSAN		\N	each	t	AB888	NISSAN PATHFINDER 2005-2014, NAVARA 2005-2013, INFINITI FX35, FX45, Q40, Q45, Q50, G35, G37	FRONT	BRAKEPAD	\N
350	AB905 - REAR (NISSAN MOST VARIOUS MODELS)	170.00	AB905	spare_part		NISSAN		\N	each	t	AB905	NISSAN MOST VARIOUS MODELS	REAR	BRAKEPAD	\N
351	AB1258 - FRONT (MITSUBISHI L200 NEW , MAZDA CX-7 2006- 2015, CX-9 2006- 2015 (3.7L)(3.5L),  CX-9…)	300.00	AB1258	spare_part		MITSUBISHI		\N	each	t	AB1258	MITSUBISHI L200 NEW , MAZDA CX-7 2006- 2015, CX-9 2006- 2015 (3.7L)(3.5L),  CX-9 2016- 2020  (2.5L), MPV, MAZDA 8 2010-	FRONT	BRAKEPAD	\N
352	AB1519 - FRONT (MITSUBISHI L200 05-18, PAJERO SPORT 2008-2016-, NISSAN NV200 2010-)	300.00	AB1519	spare_part		MITSUBISHI		\N	each	t	AB1519	MITSUBISHI L200 05-18, PAJERO SPORT 2008-2016-, NISSAN NV200 2010-	FRONT	BRAKEPAD	\N
353	AB1679 - REAR (MITSHUBISHI OUTLANDER 2012~ , OUTLANDER SPORT 2015 ~ , RVR 2011~ , ASX 17~ , MAZ…)	250.00	AB1679	spare_part		MITSUBISHI		\N	each	t	AB1679	MITSHUBISHI OUTLANDER 2012~ , OUTLANDER SPORT 2015 ~ , RVR 2011~ , ASX 17~ , MAZDA 3, 6 2016~	REAR	BRAKEPAD	\N
354	AB2096 - FRONT (MITSUBISHI Xpander 2017~ , Xforce 23~ , SUZUKI Vitara 2018~, SX4 S-Cross 2016~.)	320.00	AB2096	spare_part		MITSUBISHI		\N	each	t	AB2096	MITSUBISHI Xpander 2017~ , Xforce 23~ , SUZUKI Vitara 2018~, SX4 S-Cross 2016~.	FRONT	BRAKEPAD	\N
355	AB2135 - REAR (MITSUBISHI ECLIPSE CROSS 2017- 2021, OUTLANDER 2014- , NISSAN ALTIMA L34 2018-20…)	220.00	AB2135	spare_part		MITSUBISHI		\N	each	t	AB2135	MITSUBISHI ECLIPSE CROSS 2017- 2021, OUTLANDER 2014- , NISSAN ALTIMA L34 2018-2021	REAR	BRAKEPAD	\N
356	AB2178 - FRONT (MITSUBISHI ECLIPSE CROSS 2017- 2021)	280.00	AB2178	spare_part		MITSUBISHI		\N	each	t	AB2178	MITSUBISHI ECLIPSE CROSS 2017- 2021	FRONT	BRAKEPAD	\N
357	AB733 - REAR (MITSUBISHI PAJERO SPORT 2015-  PAJERO/ MONTERO 2014-)	200.00	AB733	spare_part		MITSUBISHI		\N	each	t	AB733	MITSUBISHI PAJERO SPORT 2015-  PAJERO/ MONTERO 2014-	REAR	BRAKEPAD	\N
358	AB866 - FRONT (MITSHUBISHI LANCER 12-, OUTLANDER 07-, JEEP COMPASS, PATROIT 07-17, DODGE AVENGE…)	280.00	AB866	spare_part		MITSUBISHI		\N	each	t	AB866	MITSHUBISHI LANCER 12-, OUTLANDER 07-, JEEP COMPASS, PATROIT 07-17, DODGE AVENGER , CALIBER 09-	FRONT	BRAKEPAD	\N
359	AB867 - FRONT (MITSUBISHI PAJERO 1999-2012, MONTERO 2001-2006,ENDEAVOR 2004-2011)	300.00	AB867	spare_part		MITSUBISHI		\N	each	t	AB867	MITSUBISHI PAJERO 1999-2012, MONTERO 2001-2006,ENDEAVOR 2004-2011	FRONT	BRAKEPAD	\N
360	AB868 - REAR (MITSUBISHI PAJERO 99- 12, OUTLANDER 07-, JEEP COMPASS, PATROIT 07-17, DODGE AVEN…)	200.00	AB868	spare_part		MITSUBISHI		\N	each	t	AB868	MITSUBISHI PAJERO 99- 12, OUTLANDER 07-, JEEP COMPASS, PATROIT 07-17, DODGE AVENGER , CALIBER 09-	REAR	BRAKEPAD	\N
361	AB1614 - FRONT (SUZUKI CIAZ 2014- 2020,  SUZUKI SWIFT 2014-2020)	220.00	AB1614	spare_part		SUZUKI/RENAULT		\N	each	t	AB1614	SUZUKI CIAZ 2014- 2020,  SUZUKI SWIFT 2014-2020	FRONT	BRAKEPAD	\N
362	AB1157 - REAR (HYUNDAI ACCENT 06-11, CRETA 16- , KIA MORNING 11-16, SPORTAGE 11-14)	170.00	AB1157	spare_part		HYUNDAI		\N	each	t	AB1157	HYUNDAI ACCENT 06-11, CRETA 16- , KIA MORNING 11-16, SPORTAGE 11-14	REAR	BRAKEPAD	\N
363	AB1295/AB1855 - FRONT (HYUNDAI IX 35 09-13, SONATA 2014- TUCSON 09-15, KIA SPORTAGE 10-14)	230.00	AB1295/AB1855	spare_part		HYUNDAI		\N	each	t	AB1295/AB1855	HYUNDAI IX 35 09-13, SONATA 2014- TUCSON 09-15, KIA SPORTAGE 10-14	FRONT	BRAKEPAD	\N
364	AB1297 - REAR (HYUNDAI SANTA FE 02-06, H1 02-06, KIA SORENTO 02-06)	170.00	AB1297	spare_part		HYUNDAI		\N	each	t	AB1297	HYUNDAI SANTA FE 02-06, H1 02-06, KIA SORENTO 02-06	REAR	BRAKEPAD	\N
365	AB1302 - REAR (HYUNDAI H1 2007-2017- , VERACRUZ 2006-2015, KIA SORENTO 09- ,14-, 18-20, SEDONA …)	200.00	AB1302	spare_part		HYUNDAI		\N	each	t	AB1302	HYUNDAI H1 2007-2017- , VERACRUZ 2006-2015, KIA SORENTO 09- ,14-, 18-20, SEDONA 06-	REAR	BRAKEPAD	\N
366	AB1313 - REAR (HYUNDAI ELANTRA 11-16, SONATA 09-14, OPTIMA 10-16)	170.00	AB1313	spare_part		HYUNDAI		\N	each	t	AB1313	HYUNDAI ELANTRA 11-16, SONATA 09-14, OPTIMA 10-16	REAR	BRAKEPAD	\N
367	AB1396 - FRONT (HYUNDAI GENESIS 2008-2014, HYUNDAI EQUUS 2009- 2013)	260.00	AB1396	spare_part		HYUNDAI		\N	each	t	AB1396	HYUNDAI GENESIS 2008-2014, HYUNDAI EQUUS 2009- 2013	FRONT	BRAKEPAD	\N
368	AB1397 - FRONT (HYUNDAI CRETA 2016-, i30 07-11,KIA CERATO 08-13, FORTE 08-13, KIA SOUL 2013-)	230.00	AB1397	spare_part		HYUNDAI		\N	each	t	AB1397	HYUNDAI CRETA 2016-, i30 07-11,KIA CERATO 08-13, FORTE 08-13, KIA SOUL 2013-	FRONT	BRAKEPAD	\N
369	AB1413 - FRONT (KIA OPTIMA 2.0L 2012- , K5 2010- , VELOSTER 2012- , HYUNDAI GENESIS COUPE 2012-)	230.00	AB1413	spare_part		HYUNDAI		\N	each	t	AB1413	KIA OPTIMA 2.0L 2012- , K5 2010- , VELOSTER 2012- , HYUNDAI GENESIS COUPE 2012-	FRONT	BRAKEPAD	\N
370	AB1421 - FRONT (HYUNDAI ELANTRA 07-11, KIA SOUL 08- ,Equinox 10-17, Malibu 13-15,GMC Terrain 10-…)	200.00	AB1421	spare_part		HYUNDAI		\N	each	t	AB1421	HYUNDAI ELANTRA 07-11, KIA SOUL 08- ,Equinox 10-17, Malibu 13-15,GMC Terrain 10-17,Buick LaCrosse 10-15	FRONT	BRAKEPAD	\N
371	AB1432 - FRONT (HYUNDAI SANTA-FE 09-13SORENTO 09- 15, CERATO 2015- , AZERA 2011-)	230.00	AB1432	spare_part		HYUNDAI		\N	each	t	AB1432	HYUNDAI SANTA-FE 09-13SORENTO 09- 15, CERATO 2015- , AZERA 2011-	FRONT	BRAKEPAD	\N
372	AB1444 - FRONT (HYUNDAI SONATA 2009- 2014, KIA OPTIMA 09-2014, AZERA 11-14)	230.00	AB1444	spare_part		HYUNDAI		\N	each	t	AB1444	HYUNDAI SONATA 2009- 2014, KIA OPTIMA 09-2014, AZERA 11-14	FRONT	BRAKEPAD	\N
373	AB1593 - FRONT (HYUNDAI ELANTRA 11-16, ACCENT 11-16, KIA SORENTO 12-)	200.00	AB1593	spare_part		HYUNDAI		\N	each	t	AB1593	HYUNDAI ELANTRA 11-16, ACCENT 11-16, KIA SORENTO 12-	FRONT	BRAKEPAD	\N
374	AB1447 - FRONT (HYUNDAI SONATA 2014- , i20 2010- , KIA SOUL 2013-, SPOTAGE (2.OL) 10-15)	230.00	AB1447	spare_part		HYUNDAI		\N	each	t	AB1447	HYUNDAI SONATA 2014- , i20 2010- , KIA SOUL 2013-, SPOTAGE (2.OL) 10-15	FRONT	BRAKEPAD	\N
375	AB1566 - FRONT (HYUNDAI H1  Starex  2011~  ,   SEDONA 06~)	260.00	AB1566	spare_part		HYUNDAI		\N	each	t	AB1566	HYUNDAI H1  Starex  2011~  ,   SEDONA 06~	FRONT	BRAKEPAD	\N
376	AB1576 - FRONT (HYUNDAI: EQUUS 12~14 KIA K900 15~17)	280.00	AB1576	spare_part		HYUNDAI		\N	each	t	AB1576	HYUNDAI: EQUUS 12~14 KIA K900 15~17	FRONT	BRAKEPAD	\N
377	AB1601 - FRONT (KIA PICANTO 07-11, MORNING 11-17, HYUNDAI I10 07-13)	170.00	AB1601	spare_part		HYUNDAI		\N	each	t	AB1601	KIA PICANTO 07-11, MORNING 11-17, HYUNDAI I10 07-13	FRONT	BRAKEPAD	\N
378	AB1847 - FRONT (HYUNDAI TUCSON 2016- ,KIA SPORTAGE 2016-)	250.00	AB1847	spare_part		HYUNDAI		\N	each	t	AB1847	HYUNDAI TUCSON 2016- ,KIA SPORTAGE 2016-	FRONT	BRAKEPAD	\N
379	AB1912 - FRONT (HYUNDAI ELANTRA 2016- AVANTE 2015-)	220.00	AB1912	spare_part		HYUNDAI		\N	each	t	AB1912	HYUNDAI ELANTRA 2016- AVANTE 2015-	FRONT	BRAKEPAD	\N
380	AB1963 - REAR (HYUNDAI H1 2007-2017- ,   SEDONA 17~ , SORENTO 2017~)	170.00	AB1963	spare_part		HYUNDAI		\N	each	t	AB1963	HYUNDAI H1 2007-2017- ,   SEDONA 17~ , SORENTO 2017~	REAR	BRAKEPAD	\N
381	AB1971/AB1828 - FRONT (HYUNDAI SANTA-FE , CRETA , FORTE, I30 2016 ~)	270.00	AB1971/AB1828	spare_part		HYUNDAI		\N	each	t	AB1971/AB1828	HYUNDAI SANTA-FE , CRETA , FORTE, I30 2016 ~	FRONT	BRAKEPAD	\N
382	AB1935 - FRONT (HYUNDAI I10 2013- 2017, GRAND I10 2011-)	200.00	AB1935	spare_part		HYUNDAI		\N	each	t	AB1935	HYUNDAI I10 2013- 2017, GRAND I10 2011-	FRONT	BRAKEPAD	\N
383	AB2035 - FRONT (HYUNDAI CRETA 2016-, i30 07-11,KIA CERATO 08-13, FORTE 08-13, KIA SOUL 2013-)	230.00	AB2035	spare_part		HYUNDAI		\N	each	t	AB2035	HYUNDAI CRETA 2016-, i30 07-11,KIA CERATO 08-13, FORTE 08-13, KIA SOUL 2013-	FRONT	BRAKEPAD	\N
384	AB2050 - REAR (HYUNDAI AZEERA 2016~ , Cadenza 2019~, K7 2016~, Grandeur IG 2016~)	180.00	AB2050	spare_part		HYUNDAI		\N	each	t	AB2050	HYUNDAI AZEERA 2016~ , Cadenza 2019~, K7 2016~, Grandeur IG 2016~	REAR	BRAKEPAD	\N
385	AB2126 - FRONT (KIA OPTIMA 2013-)	230.00	AB2126	spare_part		HYUNDAI		\N	each	t	AB2126	KIA OPTIMA 2013-	FRONT	BRAKEPAD	\N
386	AB2198 - FRONT (HYUNDAI SANTAFE 2019-2021 N-LINE)	300.00	AB2198	spare_part		HYUNDAI		\N	each	t	AB2198	HYUNDAI SANTAFE 2019-2021 N-LINE	FRONT	BRAKEPAD	\N
387	AB2199 - REAR (HYUNDAI SANTAFE 2019-2021 N-LINE)	250.00	AB2199	spare_part		HYUNDAI		\N	each	t	AB2199	HYUNDAI SANTAFE 2019-2021 N-LINE	REAR	BRAKEPAD	\N
388	AB2299 - REAR (HYUNDAI SONATA 2019-2021 N-LINE)	250.00	AB2299	spare_part		HYUNDAI		\N	each	t	AB2299	HYUNDAI SONATA 2019-2021 N-LINE	REAR	BRAKEPAD	\N
389	AB2215 - FRONT (HYUNDAI PALISADE 20~, TELLURIDE 20~, SANTA FE 2018~)	300.00	AB2215	spare_part		HYUNDAI		\N	each	t	AB2215	HYUNDAI PALISADE 20~, TELLURIDE 20~, SANTA FE 2018~	FRONT	BRAKEPAD	\N
390	AB2302 - FRONT (HYUNDAI SONATA 2019-2021 N-LINE)	300.00	AB2302	spare_part		HYUNDAI		\N	each	t	AB2302	HYUNDAI SONATA 2019-2021 N-LINE	FRONT	BRAKEPAD	\N
391	GDB3535 - FRONT (KIA PICANTO 04-)	150.00	GDB3535	spare_part		HYUNDAI		\N	each	t	GDB3535	KIA PICANTO 04-	FRONT	BRAKEPAD	\N
392	AB1011 - FRONT (FORD F150 97~20, LINCOLN:  Mark LT 01~10)	350.00	AB1011	spare_part		FORD		\N	each	t	AB1011	FORD F150 97~20, LINCOLN:  Mark LT 01~10	FRONT	BRAKEPAD	\N
393	AB1012 - REAR (FORD F-150 2004-2011)	200.00	AB1012	spare_part		FORD		\N	each	t	AB1012	FORD F-150 2004-2011	REAR	BRAKEPAD	\N
394	AB1047 - FRONT (FORD ESCAPE 05~12,MAVERICK 05~07, MECURY 06~12, MADZA: TRIBUTE 00~12.)	350.00	AB1047	spare_part		FORD		\N	each	t	AB1047	FORD ESCAPE 05~12,MAVERICK 05~07, MECURY 06~12, MADZA: TRIBUTE 00~12.	FRONT	BRAKEPAD	\N
395	AB1083 - FRONT (FORD F-150 2004-2014  (5.4L),  LINCOLN MARK LT 2006-)	340.00	AB1083	spare_part		FORD		\N	each	t	AB1083	FORD F-150 2004-2014  (5.4L),  LINCOLN MARK LT 2006-	FRONT	BRAKEPAD	\N
396	AB1279 - REAR (FORD EXPEDITION 2004- 2017, LINCOLN NAVIGATOR 2004-2014)	250.00	AB1279	spare_part		FORD		\N	each	t	AB1279	FORD EXPEDITION 2004- 2017, LINCOLN NAVIGATOR 2004-2014	REAR	BRAKEPAD	\N
397	AB1377 - REAR (FORD EXPLORER 2011- 2020, EDGE 11-15, FLEX 09-19)	280.00	AB1377	spare_part		FORD		\N	each	t	AB1377	FORD EXPLORER 2011- 2020, EDGE 11-15, FLEX 09-19	REAR	BRAKEPAD	\N
398	AB1454 - FRONT (FORD FIESTA 2010- , SUZUKI SWIFT 21010-2017, ERTIGA 2010-, MAZDA 2 2009-)	250.00	AB1454	spare_part		FORD		\N	each	t	AB1454	FORD FIESTA 2010- , SUZUKI SWIFT 21010-2017, ERTIGA 2010-, MAZDA 2 2009-	FRONT	BRAKEPAD	\N
399	AB1508 - FRONT (FORD EXPLORER 10~19 , TAURUS V 09~19, LINCOLN MKT 09~19 ,MKS, 08~12)	350.00	AB1508	spare_part		FORD		\N	each	t	AB1508	FORD EXPLORER 10~19 , TAURUS V 09~19, LINCOLN MKT 09~19 ,MKS, 08~12	FRONT	BRAKEPAD	\N
400	AB1602 - REAR (FORD F-150 2003-2014 (5.4L),  F-150 2014- (2.7L))	280.00	AB1602	spare_part		FORD		\N	each	t	AB1602	FORD F-150 2003-2014 (5.4L),  F-150 2014- (2.7L)	REAR	BRAKEPAD	\N
401	AB1611 - FRONT (FORD EXPLORER 2013- 2020)	350.00	AB1611	spare_part		FORD		\N	each	t	AB1611	FORD EXPLORER 2013- 2020	FRONT	BRAKEPAD	\N
402	AB1645 - FRONT (FORD ESCAPE 12-16 FOCUS 12-16 ,TRANSIT CONNECT 13 -18)	350.00	AB1645	spare_part		FORD		\N	each	t	AB1645	FORD ESCAPE 12-16 FOCUS 12-16 ,TRANSIT CONNECT 13 -18	FRONT	BRAKEPAD	\N
403	AB1653 - FRONT (FORD FUSION 2012- , GALAXY 2015- , MONDEO 2014- , LINCOLN MKZ 2012-2016)	400.00	AB1653	spare_part		FORD		\N	each	t	AB1653	FORD FUSION 2012- , GALAXY 2015- , MONDEO 2014- , LINCOLN MKZ 2012-2016	FRONT	BRAKEPAD	\N
404	AB1680 - FRONT (FORD F-250, F-350 2016- 2025)	500.00	AB1680	spare_part		FORD		\N	each	t	AB1680	FORD F-250, F-350 2016- 2025	FRONT	BRAKEPAD	\N
405	AB1770 - FRONT (FORD F-150 2015-, EXPEDITION 2015-, LINCOLN NAVIGATOR 15-17)	350.00	AB1770	spare_part		FORD		\N	each	t	AB1770	FORD F-150 2015-, EXPEDITION 2015-, LINCOLN NAVIGATOR 15-17	FRONT	BRAKEPAD	\N
406	AB2085 - FRONT (FORD RANGER PICK-UP 2022-, Everest 2022~, VOLKSWAGEN Amarok 2022~)	500.00	AB2085	spare_part		FORD		\N	each	t	AB2085	FORD RANGER PICK-UP 2022-, Everest 2022~, VOLKSWAGEN Amarok 2022~	FRONT	BRAKEPAD	\N
407	AB2087 - FRONT (FORD F150 14~20, EXPEDITION 17~)	350.00	AB2087	spare_part		FORD		\N	each	t	AB2087	FORD F150 14~20, EXPEDITION 17~	FRONT	BRAKEPAD	\N
408	AB2208 - REAR (FORD RANGER PICK-UP 2019- MAZDA 3 (FRONT) 2019-)	350.00	AB2208	spare_part		FORD		\N	each	t	AB2208	FORD RANGER PICK-UP 2019- MAZDA 3 (FRONT) 2019-	REAR	BRAKEPAD	\N
409	AB2216 - FRONT (FORD RANGER PICK-UP 2019-)	450.00	AB2216	spare_part		FORD		\N	each	t	AB2216	FORD RANGER PICK-UP 2019-	FRONT	BRAKEPAD	\N
410	AB2383 - REAR (FORD F150 20~, EXPEDITION 22~,LINCOLN NAVIGATOR 22~)	300.00	AB2383	spare_part		FORD		\N	each	t	AB2383	FORD F150 20~, EXPEDITION 22~,LINCOLN NAVIGATOR 22~	REAR	BRAKEPAD	\N
411	AB857 - FRONT (FORD ESCAPE , CHRYSLER TOWN & COUNTRY 2000-2007,DODGE CARAVAN 2001-)	400.00	AB857	spare_part		FORD		\N	each	t	AB857	FORD ESCAPE , CHRYSLER TOWN & COUNTRY 2000-2007,DODGE CARAVAN 2001-	FRONT	BRAKEPAD	\N
412	AB881 - REAR (FORD EXPLORER 2000- 2010 (4.0L))	250.00	AB881	spare_part		FORD		\N	each	t	AB881	FORD EXPLORER 2000- 2010 (4.0L)	REAR	BRAKEPAD	\N
413	AB2229 - FRONT (FORD EXPLORER 2019~, LINCOLN AVIATOR 2019~)	500.00	AB2229	spare_part		FORD		\N	each	t	AB2229	FORD EXPLORER 2019~, LINCOLN AVIATOR 2019~	FRONT	BRAKEPAD	\N
414	AB2230 - FRONT (FORD EXPLORER 2019~, LINCOLN AVIATOR 2019~)	500.00	AB2230	spare_part		FORD		\N	each	t	AB2230	FORD EXPLORER 2019~, LINCOLN AVIATOR 2019~	FRONT	BRAKEPAD	\N
415	AB2231 - REAR (FORD EXPLORER 19~, MUSTANG 23~. LINCOLN AVIATOR 19~)	350.00	AB2231	spare_part		FORD		\N	each	t	AB2231	FORD EXPLORER 19~, MUSTANG 23~. LINCOLN AVIATOR 19~	REAR	BRAKEPAD	\N
416	AB2232 - REAR (FORD EXPLORER 19~)	350.00	AB2232	spare_part		FORD		\N	each	t	AB2232	FORD EXPLORER 19~	REAR	BRAKEPAD	\N
417	AB2382 - FRONT (FORD F-150 2020-, EXPEDITION 2022-, LINCOLN NAVIGATOR 22~, BRONCO 2022~)	500.00	AB2382	spare_part		FORD		\N	each	t	AB2382	FORD F-150 2020-, EXPEDITION 2022-, LINCOLN NAVIGATOR 22~, BRONCO 2022~	FRONT	BRAKEPAD	\N
418	AB913 - FRONT (FORD EXPLORER 2000- 2010 (4.0L), RANGER 03-11, CHEVROLET EQUINOX 05-09 (3.4L))	300.00	AB913	spare_part		FORD		\N	each	t	AB913	FORD EXPLORER 2000- 2010 (4.0L), RANGER 03-11, CHEVROLET EQUINOX 05-09 (3.4L)	FRONT	BRAKEPAD	\N
419	AB1169 - FRONT (CHEVROLET TRAVERSE 09-, COLORADO 09- ,GMC CANYON 09-, ENVOY 06-  ACADIA 07-, BUI…)	300.00	AB1169	spare_part		CHEVROLET		\N	each	t	AB1169	CHEVROLET TRAVERSE 09-, COLORADO 09- ,GMC CANYON 09-, ENVOY 06-  ACADIA 07-, BUICK ENCLAVE 08-	FRONT	BRAKEPAD	\N
420	AB1194/AB1707 - REAR (CADILAC: ESCALADE 07~14,CHEVROLET: SILVERADO 07~10, TAHOE 07~14)	300.00	AB1194/AB1707	spare_part		CHEVROLET		\N	each	t	AB1194/AB1707	CADILAC: ESCALADE 07~14,CHEVROLET: SILVERADO 07~10, TAHOE 07~14	REAR	BRAKEPAD	\N
421	AB1275 - REAR (CHEVROLET EQUINOX 2010-2018, SATURN VUE 2008-2010,GMC TERRAIN 2008-2015)	250.00	AB1275	spare_part		CHEVROLET		\N	each	t	AB1275	CHEVROLET EQUINOX 2010-2018, SATURN VUE 2008-2010,GMC TERRAIN 2008-2015	REAR	BRAKEPAD	\N
422	AB1363 - FRONT (CHEVROLET TAHOE 08- 20, SILVERADO 1500 08-18  AVALANCHE 08-, SIERRA 15-, GMC YUK…)	550.00	AB1363	spare_part		CHEVROLET		\N	each	t	AB1363	CHEVROLET TAHOE 08- 20, SILVERADO 1500 08-18  AVALANCHE 08-, SIERRA 15-, GMC YUKON 08- 16,  CADILLAC ESCALADE 08-2020	FRONT	BRAKEPAD	\N
423	AB1404 - FRONT (CHEVROLET EQUINOX 2015-2018, CAMARO 08-13, 15- ,MALIBU 12-018)	350.00	AB1404	spare_part		CHEVROLET		\N	each	t	AB1404	CHEVROLET EQUINOX 2015-2018, CAMARO 08-13, 15- ,MALIBU 12-018	FRONT	BRAKEPAD	\N
424	AB1411 - REAR (CHEVROLET ,EXPRESS 09~, SILVERADO 11~, SUBURBAN 18~. GMC SAVANA 09~, SIERRA ,NIS…)	350.00	AB1411	spare_part		CHEVROLET		\N	each	t	AB1411	CHEVROLET ,EXPRESS 09~, SILVERADO 11~, SUBURBAN 18~. GMC SAVANA 09~, SIERRA ,NISSAN: NV2500,TITAN VD	REAR	BRAKEPAD	\N
425	AB1468 - REAR (CHEVROLET: CRUZE 11~14, SONIC 13~, VOLT. CADILAC ELR 14~ .)	200.00	AB1468	spare_part		CHEVROLET		\N	each	t	AB1468	CHEVROLET: CRUZE 11~14, SONIC 13~, VOLT. CADILAC ELR 14~ .	REAR	BRAKEPAD	\N
426	AB1802 - FRONT (CHEVROLET  Colorado 2016- 2020  , GMC CANYON 2015 - 2020)	550.00	AB1802	spare_part		CHEVROLET		\N	each	t	AB1802	CHEVROLET  Colorado 2016- 2020  , GMC CANYON 2015 - 2020	FRONT	BRAKEPAD	\N
427	AB1806 - REAR (CHEVROLET  Colorado 2015- 2022  , GMC CANYON 2015 - 2022)	400.00	AB1806	spare_part		CHEVROLET		\N	each	t	AB1806	CHEVROLET  Colorado 2015- 2022  , GMC CANYON 2015 - 2022	REAR	BRAKEPAD	\N
428	AB1857 - REAR (CHEVROLET CRUZE 2016- MALIBU 2016- VOLT 2011- BOLT EV 2017- BUICK LACROSSE 2018-)	200.00	AB1857	spare_part		CHEVROLET		\N	each	t	AB1857	CHEVROLET CRUZE 2016- MALIBU 2016- VOLT 2011- BOLT EV 2017- BUICK LACROSSE 2018-	REAR	BRAKEPAD	\N
429	AB1877/AB1914 - REAR (CHEVROLET CAMARO 2015-, CTS,XT5,XT6 2016~ , TRAVERSE, BLAZER ACADIA 2015~)	400.00	AB1877/AB1914	spare_part		CHEVROLET		\N	each	t	AB1877/AB1914	CHEVROLET CAMARO 2015-, CTS,XT5,XT6 2016~ , TRAVERSE, BLAZER ACADIA 2015~	REAR	BRAKEPAD	\N
430	AB1886 - FRONT (CHEVROLET CAMARO 2015-)	400.00	AB1886	spare_part		CHEVROLET		\N	each	t	AB1886	CHEVROLET CAMARO 2015-	FRONT	BRAKEPAD	\N
431	AB2173 - FRONT (CHEVROLET SILVERADO 1500 2019-, GMC SIERRA 1500 2020-)	650.00	AB2173	spare_part		CHEVROLET		\N	each	t	AB2173	CHEVROLET SILVERADO 1500 2019-, GMC SIERRA 1500 2020-	FRONT	BRAKEPAD	\N
432	AB2174 - REAR (CHEVROLET SILVERADO 1500 2019-, GMC SIERRA 1500 2020-)	450.00	AB2174	spare_part		CHEVROLET		\N	each	t	AB2174	CHEVROLET SILVERADO 1500 2019-, GMC SIERRA 1500 2020-	REAR	BRAKEPAD	\N
433	AB2345 - FRONT (CHEVROLET EQUINOX 2022~ , MALIBU 2018~, TRAX 2022 ~)	450.00	AB2345	spare_part		CHEVROLET		\N	each	t	AB2345	CHEVROLET EQUINOX 2022~ , MALIBU 2018~, TRAX 2022 ~	FRONT	BRAKEPAD	\N
434	AB2369 - FRONT (CORVETTE\t 2020-2024)	450.00	AB2369	spare_part		CHEVROLET		\N	each	t	AB2369	CORVETTE\t 2020-2024	FRONT	BRAKEPAD	\N
435	AB2370 - REAR (CHEROLET COLORADO 14~, CANYON 14~)	350.00	AB2370	spare_part		CHEVROLET		\N	each	t	AB2370	CHEROLET COLORADO 14~, CANYON 14~	REAR	BRAKEPAD	\N
436	AB2371 - FRONT (CHEROLET COLORADO 14~, CANYON 14~,. BUICK ENCLAVE 17~)	600.00	AB2371	spare_part		CHEVROLET		\N	each	t	AB2371	CHEROLET COLORADO 14~, CANYON 14~,. BUICK ENCLAVE 17~	FRONT	BRAKEPAD	\N
437	AB2404 - FRONT (CHEVROLET Express 3500, 2022 Chevrolet Express 4500, 2021 Chevrolet Express 3500…)	700.00	AB2404	spare_part		CHEVROLET		\N	each	t	AB2404	CHEVROLET Express 3500, 2022 Chevrolet Express 4500, 2021 Chevrolet Express 3500, 2023 GMC Savana 3500,	FRONT	BRAKEPAD	\N
438	AB2405 - REAR (CHEVROLET Express 3500, 2022 Chevrolet Express 4500, 2021 Chevrolet Express 3500…)	500.00	AB2405	spare_part		CHEVROLET		\N	each	t	AB2405	CHEVROLET Express 3500, 2022 Chevrolet Express 4500, 2021 Chevrolet Express 3500, 2023 GMC Savana 3500	REAR	BRAKEPAD	\N
439	AB922 - REAR (CADILLAC  SRX  2011- 2016,  CADILLAC  STS 05- 10, CADILLAC  CTS 03- 2013)	300.00	AB922	spare_part		CHEVROLET		\N	each	t	AB922	CADILLAC  SRX  2011- 2016,  CADILLAC  STS 05- 10, CADILLAC  CTS 03- 2013	REAR	BRAKEPAD	\N
440	AB1044 - FRONT (MADZA 3 03~13 ,MADZA 5 04~17  FORD FOCUS 07~ 11, 14- 19 ,  EcoSport 14- 19)	350.00	AB1044	spare_part		MAZDA		\N	each	t	AB1044	MADZA 3 03~13 ,MADZA 5 04~17  FORD FOCUS 07~ 11, 14- 19 ,  EcoSport 14- 19	FRONT	BRAKEPAD	\N
441	AB1259 - REAR (MAZDA CX-7 2006- 2015, CX-9 2006- 2015 (3.7L)(3.5L),  CX-9 2016- (2.5L), MPV, MA…)	200.00	AB1259	spare_part		MAZDA		\N	each	t	AB1259	MAZDA CX-7 2006- 2015, CX-9 2006- 2015 (3.7L)(3.5L),  CX-9 2016- (2.5L), MPV, MAZDA 8 2010-,	REAR	BRAKEPAD	\N
442	AB1623 - FRONT (MAZDA CX-5 11-19,  JEEP CHEROKEE, 15-,  DODGE DART 12-)	300.00	AB1623	spare_part		MAZDA		\N	each	t	AB1623	MAZDA CX-5 11-19,  JEEP CHEROKEE, 15-,  DODGE DART 12-	FRONT	BRAKEPAD	\N
443	AB1642 - FRONT (MAZDA 6 2003-2008,)	270.00	AB1642	spare_part		MAZDA		\N	each	t	AB1642	MAZDA 6 2003-2008,	FRONT	BRAKEPAD	\N
444	AB1728 - FRONT (MAZDA CX-3 2015- , CX-30 2019- MAZDA 3 2013-2019,)	300.00	AB1728	spare_part		MAZDA		\N	each	t	AB1728	MAZDA CX-3 2015- , CX-30 2019- MAZDA 3 2013-2019,	FRONT	BRAKEPAD	\N
445	AB1729 - REAR (MADZA 3 14~ 16,)	220.00	AB1729	spare_part		MAZDA		\N	each	t	AB1729	MADZA 3 14~ 16,	REAR	BRAKEPAD	\N
446	AB1759 - FRONT (MAZDA Mazda 3  2014-)	280.00	AB1759	spare_part		MAZDA		\N	each	t	AB1759	MAZDA Mazda 3  2014-	FRONT	BRAKEPAD	\N
447	AB1846 - REAR (MAZDA CX-5 2014-19,  MX-5 2015-2021,CX-8 2017-2021)	230.00	AB1846	spare_part		MAZDA		\N	each	t	AB1846	MAZDA CX-5 2014-19,  MX-5 2015-2021,CX-8 2017-2021	REAR	BRAKEPAD	\N
448	AB1934 - REAR (MADZA CX-8 17~, CX-9 12~)	300.00	AB1934	spare_part		MAZDA		\N	each	t	AB1934	MADZA CX-8 17~, CX-9 12~	REAR	BRAKEPAD	\N
449	AB2218 - FRONT (MAZDA 3 2019-)	400.00	AB2218	spare_part		MAZDA		\N	each	t	AB2218	MAZDA 3 2019-	FRONT	BRAKEPAD	\N
450	AB2219 - REAR (MAZDA 3 2018-2021 , CX-30 2019-2021)	300.00	AB2219	spare_part		MAZDA		\N	each	t	AB2219	MAZDA 3 2018-2021 , CX-30 2019-2021	REAR	BRAKEPAD	\N
451	AB1058 - FRONT (DODGE : CALIBER 08~, CHALLENGER\t 09~20\nDODGE: CHARGER\t 06~20\nMAGNUM 05~08 CHRYSL…)	400.00	AB1058	spare_part		DODGE / JEEP		\N	each	t	AB1058	DODGE : CALIBER 08~, CHALLENGER\t 09~20\nDODGE: CHARGER\t 06~20\nMAGNUM 05~08 CHRYSLER: 200 13~, 300 05~19	FRONT	BRAKEPAD	\N
452	AB1274 - REAR (JEEP WRANGLER 11-18, LIBERTY 10- , GRAND CHEROKEE 07-, CHEROKEE 08-, DODGE NITRO…)	300.00	AB1274	spare_part		DODGE / JEEP		\N	each	t	AB1274	JEEP WRANGLER 11-18, LIBERTY 10- , GRAND CHEROKEE 07-, CHEROKEE 08-, DODGE NITRO 07-	REAR	BRAKEPAD	\N
453	AB1428/AB1053 - REAR (DODGE CHALLENGER 2015~ , CHARGER 2011~ , Durango 2017~, TESLA MODEL X, Y 2016 -)	400.00	AB1428/AB1053	spare_part		DODGE / JEEP		\N	each	t	AB1428/AB1053	DODGE CHALLENGER 2015~ , CHARGER 2011~ , Durango 2017~, TESLA MODEL X, Y 2016 -	REAR	BRAKEPAD	\N
454	AB2169 - REAR (DODGE RAM 1500 2019-)	450.00	AB2169	spare_part		DODGE / JEEP		\N	each	t	AB2169	DODGE RAM 1500 2019-	REAR	BRAKEPAD	\N
455	AB2172 - REAR (JEEP WRANGLER 17~)	400.00	AB2172	spare_part		DODGE / JEEP		\N	each	t	AB2172	JEEP WRANGLER 17~	REAR	BRAKEPAD	\N
456	AB2179 - FRONT (DODGE RAM 1500 2019-)	650.00	AB2179	spare_part		DODGE / JEEP		\N	each	t	AB2179	DODGE RAM 1500 2019-	FRONT	BRAKEPAD	\N
457	AB2186 - REAR (JEEP: WRANGLER  19~)	400.00	AB2186	spare_part		DODGE / JEEP		\N	each	t	AB2186	JEEP: WRANGLER  19~	REAR	BRAKEPAD	\N
458	AB967 - REAR (DODGE RAM 1500 2004-2018, DURANGO 2003-2009)	300.00	AB967	spare_part		DODGE / JEEP		\N	each	t	AB967	DODGE RAM 1500 2004-2018, DURANGO 2003-2009	REAR	BRAKEPAD	\N
459	AB1098 - FRONT (RANGE ROVER SPORTS 2006 – 2009, DISCOVERY IV 2009-2013)	430.00	AB1098	spare_part		LAND ROVER		\N	each	t	AB1098	RANGE ROVER SPORTS 2006 – 2009, DISCOVERY IV 2009-2013	FRONT	BRAKEPAD	\N
460	AB1099 - REAR (RANGE ROVER SPORTS 2006 – 2009, DISCOVERY IV 2009-2013)	320.00	AB1099	spare_part		LAND ROVER		\N	each	t	AB1099	RANGE ROVER SPORTS 2006 – 2009, DISCOVERY IV 2009-2013	REAR	BRAKEPAD	\N
461	AB1426 - FRONT (RANGE ROVER 2013-, RANGE ROVER SPORT 17-20, SUPERCHARGED 10-16, RANGE ROVER HSE …)	600.00	AB1426	spare_part		LAND ROVER		\N	each	t	AB1426	RANGE ROVER 2013-, RANGE ROVER SPORT 17-20, SUPERCHARGED 10-16, RANGE ROVER HSE 17-	FRONT	BRAKEPAD	\N
462	AB1427 - FRONT (RANGE ROVER SPORT 2009-2013, RANGE ROVER III 2009-2013)	450.00	AB1427	spare_part		LAND ROVER		\N	each	t	AB1427	RANGE ROVER SPORT 2009-2013, RANGE ROVER III 2009-2013	FRONT	BRAKEPAD	\N
463	AB1479 - FRONT (RANGE ROVER LR4, DISCOVERY V 2016- ,  DISCOVERY IV 2012- 2022, SPORT 2009- 2013)	550.00	AB1479	spare_part		LAND ROVER		\N	each	t	AB1479	RANGE ROVER LR4, DISCOVERY V 2016- ,  DISCOVERY IV 2012- 2022, SPORT 2009- 2013	FRONT	BRAKEPAD	\N
464	AB1692 - REAR (RANGE ROVER VOGUE 13- , RANGE ROVER SPORT 13-17, RANGE ROVER IV 12-17, DISCOVERY…)	350.00	AB1692	spare_part		LAND ROVER		\N	each	t	AB1692	RANGE ROVER VOGUE 13- , RANGE ROVER SPORT 13-17, RANGE ROVER IV 12-17, DISCOVERY V 2016-	REAR	BRAKEPAD	\N
465	AB1752 - REAR (JAGUAR: F-TYPE 14~21,XJ 16~19)	350.00	AB1752	spare_part		LAND ROVER		\N	each	t	AB1752	JAGUAR: F-TYPE 14~21,XJ 16~19	REAR	BRAKEPAD	\N
466	AB1838 - FRONT (RANGE ROVER  VELAR 2017-, DISCOVERY SPORT 2015-, EVOQUE 2018-, JAGUAR XE, XF 201…)	550.00	AB1838	spare_part		LAND ROVER		\N	each	t	AB1838	RANGE ROVER  VELAR 2017-, DISCOVERY SPORT 2015-, EVOQUE 2018-, JAGUAR XE, XF 2015-	FRONT	BRAKEPAD	\N
467	AB1821 - REAR (RANGE ROVER VELAR 17-20,DISCOVERY SPORT 2014-,  JAGUAR F-PACE , XE, XF 2015- 202…)	350.00	AB1821	spare_part		LAND ROVER		\N	each	t	AB1821	RANGE ROVER VELAR 17-20,DISCOVERY SPORT 2014-,  JAGUAR F-PACE , XE, XF 2015- 2020 VOLVO XC90 15-	REAR	BRAKEPAD	\N
468	AB1861 - FRONT (RANGE ROVER VELAR 17-20,  JAGUAR F-PACE , XE, XF 2015- 2020)	550.00	AB1861	spare_part		LAND ROVER		\N	each	t	AB1861	RANGE ROVER VELAR 17-20,  JAGUAR F-PACE , XE, XF 2015- 2020	FRONT	BRAKEPAD	\N
469	AB2416 - FRONT (LAND ROVER DISCOVERY SPORT 2020 ~)	650.00	AB2416	spare_part		LAND ROVER		\N	each	t	AB2416	LAND ROVER DISCOVERY SPORT 2020 ~	FRONT	BRAKEPAD	\N
470	AB2464 - REAR (LAND ROVER DISCOVERY SPORT 2022 ~ , Range Rover V 2022~)	500.00	AB2464	spare_part		LAND ROVER		\N	each	t	AB2464	LAND ROVER DISCOVERY SPORT 2022 ~ , Range Rover V 2022~	REAR	BRAKEPAD	\N
471	AB2461 - FRONT (LAND ROVER DISCOVERY SPORT 2022 ~ , Range Rover V 2022~)	800.00	AB2461	spare_part		LAND ROVER		\N	each	t	AB2461	LAND ROVER DISCOVERY SPORT 2022 ~ , Range Rover V 2022~	FRONT	BRAKEPAD	\N
472	AB2133 - FRONT (LAND ROVER DISCOVERY SPORT 19-,  RANGE ROVER  EVOQUE 18-, JAGUAR E-PACE 17-)	600.00	AB2133	spare_part		LAND ROVER		\N	each	t	AB2133	LAND ROVER DISCOVERY SPORT 19-,  RANGE ROVER  EVOQUE 18-, JAGUAR E-PACE 17-	FRONT	BRAKEPAD	\N
473	AB2257 - FRONT (LANDROVER: RANGE ROVER VELAR 2019~ , JAGUAR: F-PACE 2019~)	750.00	AB2257	spare_part		LAND ROVER		\N	each	t	AB2257	LANDROVER: RANGE ROVER VELAR 2019~ , JAGUAR: F-PACE 2019~	FRONT	BRAKEPAD	\N
474	AB2184 - FRONT (LAND ROVER SPORT 19-,  RANGE ROVER  SUPERCHARD 2019-, AUTO BIOGRAPHY 2019-)	750.00	AB2184	spare_part		LAND ROVER		\N	each	t	AB2184	LAND ROVER SPORT 19-,  RANGE ROVER  SUPERCHARD 2019-, AUTO BIOGRAPHY 2019-	FRONT	BRAKEPAD	\N
475	AB1291 - FRONT (MERCEDES-BENZ C63 AMGS 15-, CLK63,CLS63 AMG, E63 AMG 2014-, GL63,GLE63, S600,S63…)	700.00	AB1291	spare_part		MERCEDEZ-BENZ		\N	each	t	AB1291	MERCEDES-BENZ C63 AMGS 15-, CLK63,CLS63 AMG, E63 AMG 2014-, GL63,GLE63, S600,S63,S65 AMG 2015-, SL600, SL63,SL65, SLS AMG 2011 -	FRONT	BRAKEPAD	\N
476	AB1316 - FRONT (MERCEDES-BENZ SPRINTER 2006- , 2009- 2014-)	350.00	AB1316	spare_part		MERCEDEZ-BENZ		\N	each	t	AB1316	MERCEDES-BENZ SPRINTER 2006- , 2009- 2014-	FRONT	BRAKEPAD	\N
477	AB1340 - FRONT (MERCEDES-BENZ C180, C200, C230,C250, C300, C350 07-2014, E-200, 220,250 2010-201…)	430.00	AB1340	spare_part		MERCEDEZ-BENZ		\N	each	t	AB1340	MERCEDES-BENZ C180, C200, C230,C250, C300, C350 07-2014, E-200, 220,250 2010-2016, SLK 200 2010-2015	FRONT	BRAKEPAD	\N
478	AB1341 - REAR (MERCEDES-BENZ C180, C200, C230,C250, C300, C350 07-2014, E-200, E-300,E-350, E-4…)	300.00	AB1341	spare_part		MERCEDEZ-BENZ		\N	each	t	AB1341	MERCEDES-BENZ C180, C200, C230,C250, C300, C350 07-2014, E-200, E-300,E-350, E-400, E-500 2009- , GLK-220, 280,300, 350 2009-2015	REAR	BRAKEPAD	\N
479	AB1406 - FRONT (BENZ:  GLK 250 13~15, GLK 280 09~, GLK300 10~15, GLK 350 10~15.)	450.00	AB1406	spare_part		MERCEDEZ-BENZ		\N	each	t	AB1406	BENZ:  GLK 250 13~15, GLK 280 09~, GLK300 10~15, GLK 350 10~15.	FRONT	BRAKEPAD	\N
480	AB1420 - FRONT (BENZ CLS 350 11~17, CLS 400 14~17, E350 11~16, E400 13~16,09~)	500.00	AB1420	spare_part		MERCEDEZ-BENZ		\N	each	t	AB1420	BENZ CLS 350 11~17, CLS 400 14~17, E350 11~16, E400 13~16,09~	FRONT	BRAKEPAD	\N
481	AB1455 - FRONT (BENZ ML 250, 350, JEEP GRAND CHEROKEE 13-, DODGE DURANGO 11-15,  400 2011-, GLE …)	550.00	AB1455	spare_part		MERCEDEZ-BENZ		\N	each	t	AB1455	BENZ ML 250, 350, JEEP GRAND CHEROKEE 13-, DODGE DURANGO 11-15,  400 2011-, GLE 350, 350d, 400 2015-	FRONT	BRAKEPAD	\N
482	AB1549 - FRONT (MERCEDES-BENZ E-400 2013- , E-500, 2011-2016, AUDI A6 11-16, AUDI A7 10-12, 14-1…)	500.00	AB1549	spare_part		MERCEDEZ-BENZ		\N	each	t	AB1549	MERCEDES-BENZ E-400 2013- , E-500, 2011-2016, AUDI A6 11-16, AUDI A7 10-12, 14-18, AUDI A8 10- 4, 13-18	FRONT	BRAKEPAD	\N
483	AB1630 - REAR (MERCEDES-BENZ CLA45 AMG, GL350,GL450,GL500,GL550,GLE350,GLE40 13-2017, GLS, ML, …)	350.00	AB1630	spare_part		MERCEDEZ-BENZ		\N	each	t	AB1630	MERCEDES-BENZ CLA45 AMG, GL350,GL450,GL500,GL550,GLE350,GLE40 13-2017, GLS, ML, SLC55  12-16	REAR	BRAKEPAD	\N
484	AB1634 - FRONT (MERCEDES-BENZ  CL 500 11- 14,  CLS 500 11-17, E 500  11- 15,  S 500 10-13, SLK 5…)	500.00	AB1634	spare_part		MERCEDEZ-BENZ		\N	each	t	AB1634	MERCEDES-BENZ  CL 500 11- 14,  CLS 500 11-17, E 500  11- 15,  S 500 10-13, SLK 55 AMG 11- 16	FRONT	BRAKEPAD	\N
485	AB1636 - FRONT (MERCEDES-BENZ  GL 350, GL 400, GL 500 12- 15,   GLE 450 AMG, GLS 400 15-19 ,  ML…)	500.00	AB1636	spare_part		MERCEDEZ-BENZ		\N	each	t	AB1636	MERCEDES-BENZ  GL 350, GL 400, GL 500 12- 15,   GLE 450 AMG, GLS 400 15-19 ,  ML 350, ML 400 , ML 500 11-15	FRONT	BRAKEPAD	\N
486	AB1646 - REAR (MERCEDES-BENZ CLA 180,220,250 13-19, GLA 180,200,250 2014-, SLK 200, 250, 350 11…)	350.00	AB1646	spare_part		MERCEDEZ-BENZ		\N	each	t	AB1646	MERCEDES-BENZ CLA 180,220,250 13-19, GLA 180,200,250 2014-, SLK 200, 250, 350 11-2016, A 200,250 12-17	REAR	BRAKEPAD	\N
487	AB1670 - FRONT (MERCEDES-BENZ  S 350 13-17, S 320L 17- 20,  S 400 13-17 ,  SL 400 14-)	550.00	AB1670	spare_part		MERCEDEZ-BENZ		\N	each	t	AB1670	MERCEDES-BENZ  S 350 13-17, S 320L 17- 20,  S 400 13-17 ,  SL 400 14-	FRONT	BRAKEPAD	\N
488	AB1681 - REAR (MERCEDES-BENZ  AMG GT S 15- , C 63 AMG , S 500 ,  S 500L , S 600  14- . S 63 AMG…)	400.00	AB1681	spare_part		MERCEDEZ-BENZ		\N	each	t	AB1681	MERCEDES-BENZ  AMG GT S 15- , C 63 AMG , S 500 ,  S 500L , S 600  14- . S 63 AMG 2014-	REAR	BRAKEPAD	\N
489	AB1688 - FRONT (MERCEDES-BENZ  AMG E 53 EQ BOOST 18- , S 350 , S 400 ,  S 500 , SL 500  14- . SL…)	700.00	AB1688	spare_part		MERCEDEZ-BENZ		\N	each	t	AB1688	MERCEDES-BENZ  AMG E 53 EQ BOOST 18- , S 350 , S 400 ,  S 500 , SL 500  14- . SL 350,	FRONT	BRAKEPAD	\N
490	AB1689 - REAR (BENZ S320L 17~20, S350 13~20, S400 13~17, S500 13~17,SL 350)	400.00	AB1689	spare_part		MERCEDEZ-BENZ		\N	each	t	AB1689	BENZ S320L 17~20, S350 13~20, S400 13~17, S500 13~17,SL 350	REAR	BRAKEPAD	\N
491	AB2488 - REAR (MERCEDES-BENZ CLE 450 23~ , E 300 4MATIC 23~ , GLC 300 23~, GLC200 23~, S 400 , …)	450.00	AB2488	spare_part		MERCEDEZ-BENZ		\N	each	t	AB2488	MERCEDES-BENZ CLE 450 23~ , E 300 4MATIC 23~ , GLC 300 23~, GLC200 23~, S 400 , S 350 23-, GLC 300 L	REAR	BRAKEPAD	\N
492	AB1694 - FRONT (MERCEDES-BENZ CLA 250 2014- 2019, GLA 250 14- 19, INFINITI QX30 2016-2020)	550.00	AB1694	spare_part		MERCEDEZ-BENZ		\N	each	t	AB1694	MERCEDES-BENZ CLA 250 2014- 2019, GLA 250 14- 19, INFINITI QX30 2016-2020	FRONT	BRAKEPAD	\N
493	AB1794 - FRONT (MERCEDES-BENZ C300 4MATIC 2015-2019 , E250, E300 4MATIC 2016-, GLC 250 d 2015-, …)	500.00	AB1794	spare_part		MERCEDEZ-BENZ		\N	each	t	AB1794	MERCEDES-BENZ C300 4MATIC 2015-2019 , E250, E300 4MATIC 2016-, GLC 250 d 2015-, C180 2015- AMG	FRONT	BRAKEPAD	\N
494	AB1795 - REAR (MERCEDES-BENZ C300 2015-2019, C400 2015-, C350e 2016 -)	350.00	AB1795	spare_part		MERCEDEZ-BENZ		\N	each	t	AB1795	MERCEDES-BENZ C300 2015-2019, C400 2015-, C350e 2016 -	REAR	BRAKEPAD	\N
495	AB1796 - FRONT (MERCEDES-BENZ C300 2015-2019, E250, E300 2016-, GLC 250 d 2015-)	550.00	AB1796	spare_part		MERCEDEZ-BENZ		\N	each	t	AB1796	MERCEDES-BENZ C300 2015-2019, E250, E300 2016-, GLC 250 d 2015-	FRONT	BRAKEPAD	\N
496	AB1862 - FRONT (MERCEDES-BENZ C300 2015-2019, C250 2014- 2018, C 180, C200 2014- 2018)	500.00	AB1862	spare_part		MERCEDEZ-BENZ		\N	each	t	AB1862	MERCEDES-BENZ C300 2015-2019, C250 2014- 2018, C 180, C200 2014- 2018	FRONT	BRAKEPAD	\N
497	AB1871 - FRONT (MERCEDES-BENZ E-400 4MATIC, E-450 2016-, GLC 250,250d, 450 AMG SPORT 2015- CLS 3…)	550.00	AB1871	spare_part		MERCEDEZ-BENZ		\N	each	t	AB1871	MERCEDES-BENZ E-400 4MATIC, E-450 2016-, GLC 250,250d, 450 AMG SPORT 2015- CLS 350, 400 17- C450 AMG SPORT 15-	FRONT	BRAKEPAD	\N
498	AB1872 - REAR (MERCEDES-BENZ GLC 250, 250d 2015-, GLC 300, 300d, GLC350e, GLC 450 AMG SPORT, C …)	350.00	AB1872	spare_part		MERCEDEZ-BENZ		\N	each	t	AB1872	MERCEDES-BENZ GLC 250, 250d 2015-, GLC 300, 300d, GLC350e, GLC 450 AMG SPORT, C 450 AMG SPORT	REAR	BRAKEPAD	\N
499	AB1873 - FRONT (MERCEDES-BENZ AMG GT S 2015~ , C 63 AMG 2015~)	750.00	AB1873	spare_part		MERCEDEZ-BENZ		\N	each	t	AB1873	MERCEDES-BENZ AMG GT S 2015~ , C 63 AMG 2015~	FRONT	BRAKEPAD	\N
500	AB2047 - REAR (MERCEDES-BENZ E-400 2018- , E-43 AMG 2017-, E-63 AMG S 2018-)	370.00	AB2047	spare_part		MERCEDEZ-BENZ		\N	each	t	AB2047	MERCEDES-BENZ E-400 2018- , E-43 AMG 2017-, E-63 AMG S 2018-	REAR	BRAKEPAD	\N
501	AB2162 - FRONT (BENZ GLC300 GLC 350 19~)	750.00	AB2162	spare_part		MERCEDEZ-BENZ		\N	each	t	AB2162	BENZ GLC300 GLC 350 19~	FRONT	BRAKEPAD	\N
502	AB2206 - FRONT (MERCEDE-BENZ GLA 200 20~2023, GLB 180 2020~2023 ,GLB 200 2020~2023)	600.00	AB2206	spare_part		MERCEDEZ-BENZ		\N	each	t	AB2206	MERCEDE-BENZ GLA 200 20~2023, GLB 180 2020~2023 ,GLB 200 2020~2023	FRONT	BRAKEPAD	\N
503	AB2209 - FRONT (BENZ A250 18~, A45 AMG 18~, AMG GLA45, B200, CLA180, CLA200, CLA250, EQB30,EQB35…)	600.00	AB2209	spare_part		MERCEDEZ-BENZ		\N	each	t	AB2209	BENZ A250 18~, A45 AMG 18~, AMG GLA45, B200, CLA180, CLA200, CLA250, EQB30,EQB350, G350d, G400d,G500, GLA250, GLB180, GLB200, GLB250, GLE300d	FRONT	BRAKEPAD	\N
504	AB2210 - REAR (BENZ GLS 63 19~, GLE350 19~, GL 450 18~, GLE 53 19~)	400.00	AB2210	spare_part		MERCEDEZ-BENZ		\N	each	t	AB2210	BENZ GLS 63 19~, GLE350 19~, GL 450 18~, GLE 53 19~	REAR	BRAKEPAD	\N
505	AB2235 - REAR (MERCEDES-BENZ   GLE 300d 2018- , SLK 250 2012- 2016)	370.00	AB2235	spare_part		MERCEDEZ-BENZ		\N	each	t	AB2235	MERCEDES-BENZ   GLE 300d 2018- , SLK 250 2012- 2016	REAR	BRAKEPAD	\N
506	AB2237 - FRONT (MERCEDES-BENZ GLE 300D 18~,GLE 350 19~22, GLE 4GLE 450 18~, GLS 350D 19~, GLS400…)	600.00	AB2237	spare_part		MERCEDEZ-BENZ		\N	each	t	AB2237	MERCEDES-BENZ GLE 300D 18~,GLE 350 19~22, GLE 4GLE 450 18~, GLS 350D 19~, GLS400 19~	FRONT	BRAKEPAD	\N
507	AB2238 - FRONT (MERCEDES-BENZ   GLE 300d 2018- , GLE 63 S 2018~, GLS 350d, GLS 400d 2019~, g63 a…)	750.00	AB2238	spare_part		MERCEDEZ-BENZ		\N	each	t	AB2238	MERCEDES-BENZ   GLE 300d 2018- , GLE 63 S 2018~, GLS 350d, GLS 400d 2019~, g63 amg 2019~	FRONT	BRAKEPAD	\N
508	AB2239 - REAR (MERCEDES-BENZ   GLE 63 S AMG 2018- , G63 AMG 2019~)	500.00	AB2239	spare_part		MERCEDEZ-BENZ		\N	each	t	AB2239	MERCEDES-BENZ   GLE 63 S AMG 2018- , G63 AMG 2019~	REAR	BRAKEPAD	\N
509	AB2271 - REAR (MERCEDES-BENZ  CLA 180 AMG 19- , GLB 180,  GLB 200  19- ,  AMG CLA 45 19- ,  AMG…)	400.00	AB2271	spare_part		MERCEDEZ-BENZ		\N	each	t	AB2271	MERCEDES-BENZ  CLA 180 AMG 19- , GLB 180,  GLB 200  19- ,  AMG CLA 45 19- ,  AMG A 45 S, A 45 AMG 19-     A 200,  A 250,  A 180 2018-	REAR	BRAKEPAD	\N
510	AB2276 - FRONT (BENZ A45 19~, CLA 35,45 19~,GLA 45 20~, GLB 45 20~)	750.00	AB2276	spare_part		MERCEDEZ-BENZ		\N	each	t	AB2276	BENZ A45 19~, CLA 35,45 19~,GLA 45 20~, GLB 45 20~	FRONT	BRAKEPAD	\N
511	AB2441 - FRONT (MERCEDES-BENZ  CLA 180 AMG , AMG A 45 S , A 45 AMG  2019~)	750.00	AB2441	spare_part		MERCEDEZ-BENZ		\N	each	t	AB2441	MERCEDES-BENZ  CLA 180 AMG , AMG A 45 S , A 45 AMG  2019~	FRONT	BRAKEPAD	\N
512	AB2425 - REAR (MERCEDES-BENZ S 500L, S 450 d , E 53 AMG , E 200 CLE 53 AMG  2023~)	450.00	AB2425	spare_part		MERCEDEZ-BENZ		\N	each	t	AB2425	MERCEDES-BENZ S 500L, S 450 d , E 53 AMG , E 200 CLE 53 AMG  2023~	REAR	BRAKEPAD	\N
513	AB2455 - FRONT (MERCEDES-BENZ GLC 300, GLC 300d ,GLC 200 , E 300 4MATIC ,E 200 ,CLE 450, S 450 ,…)	750.00	AB2455	spare_part		MERCEDEZ-BENZ		\N	each	t	AB2455	MERCEDES-BENZ GLC 300, GLC 300d ,GLC 200 , E 300 4MATIC ,E 200 ,CLE 450, S 450 ,S 450 d  2023~	FRONT	BRAKEPAD	\N
514	AB2456 - FRONT (MERCEDES-BENZ C 300, C 180 , C 200, CLE 450, CLE 300, CLE 200, E 200 ,GLC 300 L …)	750.00	AB2456	spare_part		MERCEDEZ-BENZ		\N	each	t	AB2456	MERCEDES-BENZ C 300, C 180 , C 200, CLE 450, CLE 300, CLE 200, E 200 ,GLC 300 L 2022~	FRONT	BRAKEPAD	\N
515	AB2466 - FRONT (MERCEDES-BENZ C 300, E 200, GLC 200, GLC 300, GLC 300d, GLC 260 L 2022~)	750.00	AB2466	spare_part		MERCEDEZ-BENZ		\N	each	t	AB2466	MERCEDES-BENZ C 300, E 200, GLC 200, GLC 300, GLC 300d, GLC 260 L 2022~	FRONT	BRAKEPAD	\N
516	AB2501 - REAR (BENZ C180 21~,C300 21~)	400.00	AB2501	spare_part		MERCEDEZ-BENZ		\N	each	t	AB2501	BENZ C180 21~,C300 21~	REAR	BRAKEPAD	\N
517	AB847 - FRONT (MERCEDES-BENZ C180 02~07, C200 00~07, C230 04~, C240 00~07, E350 04~,E400 02~09,)	370.00	AB847	spare_part		MERCEDEZ-BENZ		\N	each	t	AB847	MERCEDES-BENZ C180 02~07, C200 00~07, C230 04~, C240 00~07, E350 04~,E400 02~09,	FRONT	BRAKEPAD	\N
518	AB986 - REAR (BENZ CLS 250 11~,CLS 350~)	330.00	AB986	spare_part		MERCEDEZ-BENZ		\N	each	t	AB986	BENZ CLS 250 11~,CLS 350~	REAR	BRAKEPAD	\N
519	AB2517/ 34208844393 - REAR (BMW 220i , 318d , 318i , 320d , 420d , 420i, 2020- 2025)	350.00	AB2517/ 34208844393	spare_part		BMW		\N	each	t	AB2517/ 34208844393	BMW 220i , 318d , 318i , 320d , 420d , 420i, 2020- 2025	REAR	BRAKEPAD	\N
520	AB1294 - FRONT (BMW X5 06~ 18, X6 08~2019)	400.00	AB1294	spare_part		BMW		\N	each	t	AB1294	BMW X5 06~ 18, X6 08~2019	FRONT	BRAKEPAD	\N
521	AB1309 - REAR (MINI COOPER , COOPER S, COOPER D, COOPER SD, COOPER 11, ONE  2010-)	300.00	AB1309	spare_part		BMW		\N	each	t	AB1309	MINI COOPER , COOPER S, COOPER D, COOPER SD, COOPER 11, ONE  2010-	REAR	BRAKEPAD	\N
522	AB1429 - FRONT (BMW X5 10~15, X6 10~14, ROYCE DAWN, GHOST, WRAITH  2017~ 2018)	600.00	AB1429	spare_part		BMW		\N	each	t	AB1429	BMW X5 10~15, X6 10~14, ROYCE DAWN, GHOST, WRAITH  2017~ 2018	FRONT	BRAKEPAD	\N
523	AB1443 - FRONT (BMW X6 10-11, 760LI 2010- 2015, ALPINA B6, B7, B7 Xdrive, B7L 2011- 2015)	600.00	AB1443	spare_part		BMW		\N	each	t	AB1443	BMW X6 10-11, 760LI 2010- 2015, ALPINA B6, B7, B7 Xdrive, B7L 2011- 2015	FRONT	BRAKEPAD	\N
524	AB1469 - REAR (BMW:M5 13~16, M612~19, X3 12~ X4 20~, 650I 12~19 550I 11~16,  ALPHINA B6 15~19)	380.00	AB1469	spare_part		BMW		\N	each	t	AB1469	BMW:M5 13~16, M612~19, X3 12~ X4 20~, 650I 12~19 550I 11~16,  ALPHINA B6 15~19	REAR	BRAKEPAD	\N
525	AB1554 - REAR (MINI COOPER COUNTRYMAN 11~16, COOPER SPACEMAN 13~16)	350.00	AB1554	spare_part		BMW		\N	each	t	AB1554	MINI COOPER COUNTRYMAN 11~16, COOPER SPACEMAN 13~16	REAR	BRAKEPAD	\N
526	AB1561 - FRONT (BMW 1 SERIES 118d,I,120,220 2012-, 2 SERIES 220I,228d,320d 2012-, 3 SERIES 320d,…)	500.00	AB1561	spare_part		BMW		\N	each	t	AB1561	BMW 1 SERIES 118d,I,120,220 2012-, 2 SERIES 220I,228d,320d 2012-, 3 SERIES 320d, 330d,I 2012- ,4 SERIES 420d, 428i 2012- X4 2014-, X3 2010-	FRONT	BRAKEPAD	\N
527	AB1609 - FRONT (BMW 228i,230i, 320i, 328d xDrive, 340i, 428i, 435i, 440i, M2, M3, M4, i8 2015- 2…)	500.00	AB1609	spare_part		BMW		\N	each	t	AB1609	BMW 228i,230i, 320i, 328d xDrive, 340i, 428i, 435i, 440i, M2, M3, M4, i8 2015- 2018	FRONT	BRAKEPAD	\N
528	AB1610 - REAR (BMW  320d 12-19 ,  335d xDrive , 14-20,  335i, 335i xDrive 13-16 , 428i , 435i ,…)	350.00	AB1610	spare_part		BMW		\N	each	t	AB1610	BMW  320d 12-19 ,  335d xDrive , 14-20,  335i, 335i xDrive 13-16 , 428i , 435i , 435i xDrive 13-16 , Active Hybrid 3  12-15	REAR	BRAKEPAD	\N
529	AB1656 - REAR (BMW 318i 15-18 , 320d 12-16, 320i, 320i xDrive 11-20,  328i , 335i xDrive 12-16,…)	380.00	AB1656	spare_part		BMW		\N	each	t	AB1656	BMW 318i 15-18 , 320d 12-16, 320i, 320i xDrive 11-20,  328i , 335i xDrive 12-16, 420i, 420d, 428i xDrive 12-16, M3, M4, M240i 14-21	REAR	BRAKEPAD	\N
530	AB1868 - FRONT (BMW X5 19~21, X6~20~ X7 19~ SERIES 5 17~19 SERIES 7 16~ M SERIES 17~)	700.00	AB1868	spare_part		BMW		\N	each	t	AB1868	BMW X5 19~21, X6~20~ X7 19~ SERIES 5 17~19 SERIES 7 16~ M SERIES 17~	FRONT	BRAKEPAD	\N
531	AB1867 - FRONT (BMW X2, X3,X4,X5,X6,X7,Z4, SUPRA , 530i, 740 2016- 2022)	700.00	AB1867	spare_part		BMW		\N	each	t	AB1867	BMW X2, X3,X4,X5,X6,X7,Z4, SUPRA , 530i, 740 2016- 2022	FRONT	BRAKEPAD	\N
532	AB1875 - FRONT (BMW 220d, 220d Xdrive. X2 xDrive 2019~ , MINI Cooper, John Cooper works 2015 ~ .)	600.00	AB1875	spare_part		BMW		\N	each	t	AB1875	BMW 220d, 220d Xdrive. X2 xDrive 2019~ , MINI Cooper, John Cooper works 2015 ~ .	FRONT	BRAKEPAD	\N
533	AB1892 - FRONT (BMW SERIES 1,2,3,4,5,X 19~)	450.00	AB1892	spare_part		BMW		\N	each	t	AB1892	BMW SERIES 1,2,3,4,5,X 19~	FRONT	BRAKEPAD	\N
534	AB1922 - FRONT (BMW SERIES 1,,3,4, 2014~)	550.00	AB1922	spare_part		BMW		\N	each	t	AB1922	BMW SERIES 1,,3,4, 2014~	FRONT	BRAKEPAD	\N
535	AB2060 - FRONT (BMW 5 SERIES 525d,530d,I,  2017-, 7 SERIES 730d, 730Li 2015- , X5 2015- , X6 201…)	750.00	AB2060	spare_part		BMW		\N	each	t	AB2060	BMW 5 SERIES 525d,530d,I,  2017-, 7 SERIES 730d, 730Li 2015- , X5 2015- , X6 2019-	FRONT	BRAKEPAD	\N
536	AB2059 - REAR (BMW 840i ,M 850i, M 5, M8 19~, X5M, X6 xDrive. X6M, X7M 2022)	500.00	AB2059	spare_part		BMW		\N	each	t	AB2059	BMW 840i ,M 850i, M 5, M8 19~, X5M, X6 xDrive. X6M, X7M 2022	REAR	BRAKEPAD	\N
537	AB918 - FRONT (BMW  330d , 330d xDrive , 330xd 05- 2012,  525d, 530i 07- 10, 630i , 730Li, M3 0…)	400.00	AB918	spare_part		BMW		\N	each	t	AB918	BMW  330d , 330d xDrive , 330xd 05- 2012,  525d, 530i 07- 10, 630i , 730Li, M3 07- 11	FRONT	BRAKEPAD	\N
538	AB919 - REAR (BMW 5 SERIES 530d,535d,550i 10-13, 6 SERIES 640i,650i 10-, 7 SERIES 730d,730i, 7…)	350.00	AB919	spare_part		BMW		\N	each	t	AB919	BMW 5 SERIES 530d,535d,550i 10-13, 6 SERIES 640i,650i 10-, 7 SERIES 730d,730i, 740di, 750i 08-2012, ROLLS-ROYCE PHANTOM 07-	REAR	BRAKEPAD	\N
539	AB2220 - REAR (BMW 318d, 320d, 330d, 420i, i4 eDrive35, i4 M50,  M240i 21~)	450.00	AB2220	spare_part		BMW		\N	each	t	AB2220	BMW 318d, 320d, 330d, 420i, i4 eDrive35, i4 M50,  M240i 21~	REAR	BRAKEPAD	\N
540	AB1107 - FRONT (AUDI A1 10- , A3 09-13, 03-09, TT 11-14, 06-10, VW GOLF V 07-11, VI 08-13, POLO …)	420.00	AB1107	spare_part		AUDI		\N	each	t	AB1107	AUDI A1 10- , A3 09-13, 03-09, TT 11-14, 06-10, VW GOLF V 07-11, VI 08-13, POLO GTI 10-14, TIGUAN 11-18	FRONT	BRAKEPAD	\N
541	AB1108 - REAR (AUDI A3, A4, A6 04-2011, Q3 11-15, RS3 11- , TT 03-, 09- , VW PASSAT, JETTA, GOL…)	320.00	AB1108	spare_part		AUDI		\N	each	t	AB1108	AUDI A3, A4, A6 04-2011, Q3 11-15, RS3 11- , TT 03-, 09- , VW PASSAT, JETTA, GOLF V, VI 2008- , TIGUAN 2008-	REAR	BRAKEPAD	\N
542	AB340 - REAR (AUDI A6 01-05,  TT 01-06,  RENAULT Megane IV 2015- ,  SEAT IBIZA 17-, VW GOLF V …)	240.00	AB340	spare_part		AUDI		\N	each	t	AB340	AUDI A6 01-05,  TT 01-06,  RENAULT Megane IV 2015- ,  SEAT IBIZA 17-, VW GOLF V 03-09, JETTA 15-, POLO V 09-  POLO VI 17-	REAR	BRAKEPAD	\N
543	AB1322 - FRONT (AUDI  A4 08-13, A5 08-17,  A6 11-17, A7 10-15, Q5 08-12, FORD FOCUS 2007-2011)	430.00	AB1322	spare_part		AUDI		\N	each	t	AB1322	AUDI  A4 08-13, A5 08-17,  A6 11-17, A7 10-15, Q5 08-12, FORD FOCUS 2007-2011	FRONT	BRAKEPAD	\N
544	AB1375 - FRONT (AUDI A3 03- 09, 09- 13,  A1 10- , Q3 2013- 2019, TT 2011- , VW GOLF, V, VI 2009-…)	420.00	AB1375	spare_part		AUDI		\N	each	t	AB1375	AUDI A3 03- 09, 09- 13,  A1 10- , Q3 2013- 2019, TT 2011- , VW GOLF, V, VI 2009- , TIGUAN 2011-2018, POLO	FRONT	BRAKEPAD	\N
545	AB1386 - REAR (AUDI  A4 08-15 ,  A5 , A6, A7,  Q5 09-17 , RS4 12-16,  RS5 10-15 ,  S4 , S5 09-1…)	330.00	AB1386	spare_part		AUDI		\N	each	t	AB1386	AUDI  A4 08-15 ,  A5 , A6, A7,  Q5 09-17 , RS4 12-16,  RS5 10-15 ,  S4 , S5 09-15 , SQ5 13-17	REAR	BRAKEPAD	\N
546	AB1452 - FRONT (PORSCHE  Cayenne, Cayenne S  2011- 2018 - , Panamera 2016-, Macan S 2013-2018)	700.00	AB1452	spare_part		AUDI		\N	each	t	AB1452	PORSCHE  Cayenne, Cayenne S  2011- 2018 - , Panamera 2016-, Macan S 2013-2018	FRONT	BRAKEPAD	\N
547	AB1456 - REAR (AUDI : A3 05~12. VW: GOLF 10~14, JETTA 10~18, PASSAT 12~14. GTI)	330.00	AB1456	spare_part		AUDI		\N	each	t	AB1456	AUDI : A3 05~12. VW: GOLF 10~14, JETTA 10~18, PASSAT 12~14. GTI	REAR	BRAKEPAD	\N
548	AB1546 - FRONT (AUDI  A8 2013- 2018 ,   SQ5 2013-2017)	550.00	AB1546	spare_part		AUDI		\N	each	t	AB1546	AUDI  A8 2013- 2018 ,   SQ5 2013-2017	FRONT	BRAKEPAD	\N
549	AB1633 - FRONT (AUDI S3 14~, Q3  19~, A3 19~, VW: PASSAT 12, CC 12~, Tiguan L 22~, Golf 14~ , Go…)	500.00	AB1633	spare_part		AUDI		\N	each	t	AB1633	AUDI S3 14~, Q3  19~, A3 19~, VW: PASSAT 12, CC 12~, Tiguan L 22~, Golf 14~ , Golf VIII 20~	FRONT	BRAKEPAD	\N
550	AB1575 - FRONT (AUDI A8 12~16, S6, S7 13~18, S8 2016~, BENTLEY Mulsanne 2014 ~)	750.00	AB1575	spare_part		AUDI		\N	each	t	AB1575	AUDI A8 12~16, S6, S7 13~18, S8 2016~, BENTLEY Mulsanne 2014 ~	FRONT	BRAKEPAD	\N
551	AB1600 - FRONT (AUDI TT 2009- , RS3 2011- , VW TOUAREG 2011- 2018, RANGE ROVER SPORT 2009- , CHE…)	500.00	AB1600	spare_part		AUDI		\N	each	t	AB1600	AUDI TT 2009- , RS3 2011- , VW TOUAREG 2011- 2018, RANGE ROVER SPORT 2009- , CHEVY CORVETTE 2013-	FRONT	BRAKEPAD	\N
552	AB1663 - FRONT (AUDI  A4, A5  11-14,  A6 , A7 14-18 , Q5  12-17,  PORSCHE  Macan 14-)	500.00	AB1663	spare_part		AUDI		\N	each	t	AB1663	AUDI  A4, A5  11-14,  A6 , A7 14-18 , Q5  12-17,  PORSCHE  Macan 14-	FRONT	BRAKEPAD	\N
553	AB1760 - FRONT (AUDI  Q3 19-,  TT 14- , A3 III 13-20, VW Golf VII 12-20, Golf GTD 13- ,  Jetta 1…)	500.00	AB1760	spare_part		AUDI		\N	each	t	AB1760	AUDI  Q3 19-,  TT 14- , A3 III 13-20, VW Golf VII 12-20, Golf GTD 13- ,  Jetta 17- , Passat 14- ,	FRONT	BRAKEPAD	\N
554	AB1761 - REAR (AUDI  Q3 19-,  TT 14- , A3 III 13-20, VW Golf VII 12-20, Golf GTD 13- ,  Jetta 1…)	400.00	AB1761	spare_part		AUDI		\N	each	t	AB1761	AUDI  Q3 19-,  TT 14- , A3 III 13-20, VW Golf VII 12-20, Golf GTD 13- ,  Jetta 17- , Passat 14- , Polo VI 17- ,  Tiguan ,  Tiguan II  16-	REAR	BRAKEPAD	\N
555	AB1780/AB1785 - REAR (AUDI A6 , A8, RS6 , 84 2014~, PORSCHE Macan Turbo 13/18~ , BENTLEY Mulsanne 2014…)	500.00	AB1780/AB1785	spare_part		AUDI		\N	each	t	AB1780/AB1785	AUDI A6 , A8, RS6 , 84 2014~, PORSCHE Macan Turbo 13/18~ , BENTLEY Mulsanne 2014~	REAR	BRAKEPAD	\N
556	AB1876 - FRONT (AUDI TT 18~, TTS 23~)	700.00	AB1876	spare_part		AUDI		\N	each	t	AB1876	AUDI TT 18~, TTS 23~	FRONT	BRAKEPAD	\N
557	AB1894 - FRONT (AUDI  A6 2018- ,  A8 18- , Q7 15- 2020 ,  Q8 2018- ,  VOLKSWAGEN  Touareg 2018-)	800.00	AB1894	spare_part		AUDI		\N	each	t	AB1894	AUDI  A6 2018- ,  A8 18- , Q7 15- 2020 ,  Q8 2018- ,  VOLKSWAGEN  Touareg 2018-	FRONT	BRAKEPAD	\N
558	AB1897 - FRONT (AUDI  A4 ,  A5  2015- ,   A6 19- , A7 18- , Q5 2016-)	800.00	AB1897	spare_part		AUDI		\N	each	t	AB1897	AUDI  A4 ,  A5  2015- ,   A6 19- , A7 18- , Q5 2016-	FRONT	BRAKEPAD	\N
559	AB2074 - FRONT (VOLKSWAGEN Teramont 2016 ~, Atlas, Tavendor , Talagon 2021~)	400.00	AB2074	spare_part		AUDI		\N	each	t	AB2074	VOLKSWAGEN Teramont 2016 ~, Atlas, Tavendor , Talagon 2021~	FRONT	BRAKEPAD	\N
560	AB2139 - FRONT (ADI Q5 17~,)	550.00	AB2139	spare_part		AUDI		\N	each	t	AB2139	ADI Q5 17~,	FRONT	BRAKEPAD	\N
561	AB2192 - FRONT (PORSCHE: CAYENNE  17~)	800.00	AB2192	spare_part		AUDI		\N	each	t	AB2192	PORSCHE: CAYENNE  17~	FRONT	BRAKEPAD	\N
562	AB2438 - FRONT (AUDI A3, 2021~, FORD FORD  Tourneo Connect 2022 ~, VOLKSWAGEN Passat Variant , T…)	650.00	AB2438	spare_part		AUDI		\N	each	t	AB2438	AUDI A3, 2021~, FORD FORD  Tourneo Connect 2022 ~, VOLKSWAGEN Passat Variant , Tiguan L Pro  23~	FRONT	BRAKEPAD	\N
563	AB1899 - FRONT (PORSCHE: CAYENNE TURBO 17~ , TAYCAN 4S 19~, AUDI: RS6, RS7 19~)	850.00	AB1899	spare_part		AUDI		\N	each	t	AB1899	PORSCHE: CAYENNE TURBO 17~ , TAYCAN 4S 19~, AUDI: RS6, RS7 19~	FRONT	BRAKEPAD	\N
564	AB1953 - FRONT (AUDI A4 2016~, AUDI A5 2015-)	550.00	AB1953	spare_part		AUDI		\N	each	t	AB1953	AUDI A4 2016~, AUDI A5 2015-	FRONT	BRAKEPAD	\N
565	AB1990 - FRONT (MASERATI QUATTROPORTE 14~22, GHIBLI 14~22)	800.00	AB1990	spare_part		AUDI		\N	each	t	AB1990	MASERATI QUATTROPORTE 14~22, GHIBLI 14~22	FRONT	BRAKEPAD	\N
566	AB2021 - REAR (SIAC MAXUS  G10)	300.00	AB2021	spare_part		AUDI		\N	each	t	AB2021	SIAC MAXUS  G10	REAR	BRAKEPAD	\N
567	AB2020 - FRONT (SIAC MAXUS  G10)	400.00	AB2020	spare_part		AUDI		\N	each	t	AB2020	SIAC MAXUS  G10	FRONT	BRAKEPAD	\N
\.


--
-- Data for Name: Promotions_promotion; Type: TABLE DATA; Schema: public; Owner: workshop
--

COPY public."Promotions_promotion" (id, title, description, start_date, end_date, discount_percent, discount_amount) FROM stdin;
\.


--
-- Data for Name: ServiceRequests_productusage; Type: TABLE DATA; Schema: public; Owner: workshop
--

COPY public."ServiceRequests_productusage" (id, quantity_used, product_id, service_request_id) FROM stdin;
3	20	285	6
4	2	285	8
5	2	285	7
6	2	285	5
7	2	285	9
8	1	285	13
9	1	285	16
10	3	285	21
11	10	540	23
\.


--
-- Data for Name: ServiceRequests_servicecategory; Type: TABLE DATA; Schema: public; Owner: workshop
--

COPY public."ServiceRequests_servicecategory" (id, name, "order") FROM stdin;
1	Mechanical	0
2	Electrical	1
3	Bodywork	2
4	Tyres & wheels	3
5	General maintenance	4
\.


--
-- Data for Name: ServiceRequests_servicerequest; Type: TABLE DATA; Schema: public; Owner: workshop
--

COPY public."ServiceRequests_servicerequest" (id, description, status, assigned_mechanic_id, customer_id, site_id, vehicle_id, created_at, labor_cost, service_type_id, display_number) FROM stdin;
14	Remove dent	Completed	2	4	2	4	2026-02-10 18:24:24.096995+00	10.00	28	SR-2026-0014
15	brakepad	Pending	\N	5	2	\N	2026-02-10 18:41:13.699217+00	0.00	\N	SR-2026-0015
16	brakepad	Completed	\N	5	2	\N	2026-02-10 18:41:56.99317+00	0.00	\N	SR-2026-0016
17	Sales	Pending	\N	5	2	\N	2026-02-10 22:24:24.500826+00	0.00	\N	SR-2026-0017
18	Sales	Pending	\N	5	2	\N	2026-02-10 22:31:34.873205+00	0.00	\N	SR-2026-0018
19	Sales	Pending	\N	5	2	\N	2026-02-10 22:35:18.004987+00	0.00	\N	SR-2026-0019
20	Sales	Pending	\N	5	2	\N	2026-02-11 11:35:29.654353+00	0.00	\N	SR-2026-0020
21	Sales	Pending	\N	5	2	\N	2026-02-11 11:56:24.303296+00	0.00	\N	SR-2026-0021
22	Sales	Pending	\N	5	2	\N	2026-02-11 12:04:17.1444+00	0.00	\N	SR-2026-0022
23	Sales	Completed	\N	11	2	\N	2026-02-11 12:05:27.157244+00	0.00	\N	SR-2026-0023
1	Oil servicing	Completed	1	1	1	1	2026-01-30 11:41:59.969298+00	0.00	\N	SR-2026-0001
2	Change Vehicle Wiper	Completed	2	2	2	2	2026-01-30 13:30:32.338229+00	30.00	\N	SR-2026-0002
3	Oil Change	Completed	2	3	2	3	2026-01-30 15:35:47.073523+00	30.00	\N	SR-2026-0003
4	gjhggfthfytfyj	Completed	\N	4	2	4	2026-02-02 17:52:37.979609+00	50.00	1	SR-2026-0004
5	Needs brakes	Completed	\N	2	2	\N	2026-02-04 16:38:19.130589+00	0.00	\N	SR-2026-0005
6	Buying Item	Completed	\N	4	2	\N	2026-02-05 15:53:50.211397+00	0.00	\N	SR-2026-0006
7	Parts sale	Completed	\N	5	2	\N	2026-02-05 21:05:27.960861+00	0.00	\N	SR-2026-0007
8	brakepad	Completed	\N	5	2	\N	2026-02-06 17:02:19.296242+00	0.00	\N	SR-2026-0008
9	brakepad	Completed	\N	5	2	\N	2026-02-06 21:47:21.358018+00	0.00	\N	SR-2026-0009
10	work on transmission	Pending	2	7	2	5	2026-02-08 18:09:21.540832+00	0.00	4	SR-2026-0010
11	Power windows not descending.	Completed	2	2	2	2	2026-02-09 20:48:51.285112+00	50.00	22	SR-2026-0011
12	Dent on the right side of fender	Completed	2	8	2	6	2026-02-10 11:52:51.718049+00	50.00	28	SR-2026-0012
13	brakepad	Completed	\N	5	2	\N	2026-02-10 14:38:49.611924+00	0.00	\N	SR-2026-0013
\.


--
-- Data for Name: ServiceRequests_servicetype; Type: TABLE DATA; Schema: public; Owner: workshop
--

COPY public."ServiceRequests_servicetype" (id, name, "order", category_id) FROM stdin;
1	Brake repair	0	1
2	Engine repair	1	1
3	Suspension	2	1
4	Transmission	3	1
5	Clutch	4	1
6	Steering	5	1
7	Exhaust system	6	1
8	Cooling system	7	1
9	Oil change	8	1
10	Tune-up	9	1
11	Timing belt	10	1
12	Alternator	11	1
13	Starter motor	12	1
14	Fuel system	13	1
15	Battery replacement	0	2
16	Wiring repair	1	2
17	Lighting	2	2
18	Alternator	3	2
19	Starter	4	2
20	Fuse replacement	5	2
21	Dashboard instruments	6	2
22	Power windows	7	2
23	Central locking	8	2
24	Air conditioning	9	2
25	Audio system	10	2
26	Panel beating	0	3
27	Painting	1	3
28	Dent removal	2	3
29	Rust repair	3	3
30	Windscreen replacement	4	3
31	Bumper repair	5	3
32	Frame straightening	6	3
33	Tyre replacement	0	4
34	Wheel alignment	1	4
35	Wheel balancing	2	4
36	Puncture repair	3	4
37	Tyre rotation	4	4
38	Valve replacement	5	4
39	Service	0	5
40	Pre-purchase inspection	1	5
41	Diagnostics	2	5
42	Fluid top-up	3	5
43	Filter replacement	4	5
44	Wiper replacement	5	5
\.


--
-- Data for Name: Site_site; Type: TABLE DATA; Schema: public; Owner: workshop
--

COPY public."Site_site" (id, name, location, contact_number, manager_id) FROM stdin;
1	Feeling Auto Parts	Adenta-Rowi	0244111222	\N
2	Ho-Branch	Ho	+233786543	\N
\.


--
-- Data for Name: Vehicles_vehicle; Type: TABLE DATA; Schema: public; Owner: workshop
--

COPY public."Vehicles_vehicle" (id, make, model, year, license_plate, customer_id, site_id, last_serviced, service_interval_days, last_reminder_sent) FROM stdin;
1	Toyota	Corolla	2010	GT 81-13	1	1	\N	180	\N
3	Audi	q5	2011	GN 81 11	3	2	2026-01-30	\N	\N
5	Toyota	Corolla	2010	GT 8285 16	7	2	\N	\N	\N
2	Mercedez Benz	GLE	2025	GW 1999-25	2	2	2026-02-09	180	\N
6	BMW	X3	2020	AR 1981-25	8	2	2026-02-10	30	\N
4	Toyota	Corolla	2010	gt 456-13	4	2	2026-02-10	180	\N
\.


--
-- Data for Name: accounts_customuser; Type: TABLE DATA; Schema: public; Owner: workshop
--

COPY public.accounts_customuser (id, password, last_login, is_superuser, first_name, last_name, is_staff, is_active, date_joined, email, location, site_id, phone_number) FROM stdin;
2	pbkdf2_sha256$600000$wTAp9CvgHOekaWv4H6Ejxy$eAzHOBUH8pismrDbpyF7iaGa1Ha8SpiGg7hDcVjPjb4=	\N	t			t	t	2026-01-29 15:33:37.533429+00	admin@workshop.test	Lagos	\N	
5	pbkdf2_sha256$600000$xq6nAjBgNIJg4gQ0cRdYMe$fV5aoOuD2hM20sHYHuTLyuUJ1RZxZD/vR8bd+/y78xU=	\N	f	John	Doe	t	t	2026-01-30 11:05:42+00	testuser@gmail.com	Lagos	2	
8	pbkdf2_sha256$600000$ywss8xvuQbCHvEdNXjp9Oo$nrbFQEheReNF1rXxJYZJN89pXry4uyDzRhAXVB0RkKw=	\N	f	Frank	Sinatra	f	t	2026-01-30 12:19:26.815866+00	ceo@gmail.com	Accra	\N	+233509438302
9	pbkdf2_sha256$600000$9zo8kRXvklCoGydYL1pFUu$xd8dzxYzg+xZtdCMbvwytLUmaX3WkElKQcevv+pLBqg=	\N	t	E2E	Test	t	t	2026-02-07 21:21:54.535475+00	admin@test.com		\N	
1	pbkdf2_sha256$600000$mCNvndM0feHQQiSA2lltt7$TBfAZqfD/NZIZ1gJc/OG8j1CsYRYmjB78OjIk/VIuwk=	2026-02-10 11:28:08.466499+00	t	Jewel	Bansah	t	t	2026-01-29 15:19:22.654672+00	admin@gmail.com		\N	
\.


--
-- Data for Name: accounts_customuser_groups; Type: TABLE DATA; Schema: public; Owner: workshop
--

COPY public.accounts_customuser_groups (id, customuser_id, group_id) FROM stdin;
\.


--
-- Data for Name: accounts_customuser_user_permissions; Type: TABLE DATA; Schema: public; Owner: workshop
--

COPY public.accounts_customuser_user_permissions (id, customuser_id, permission_id) FROM stdin;
\.


--
-- Data for Name: audit_auditlog; Type: TABLE DATA; Schema: public; Owner: workshop
--

COPY public.audit_auditlog (id, action, model_label, object_id, object_repr, changes_json, created_at, user_id) FROM stdin;
1	create	Customers.customer	3	Christian Nyavor	{"created": true}	2026-01-30 15:31:51.968694+00	1
2	create	Vehicles.vehicle	3	q5 Audi GN 81 11	{"created": true}	2026-01-30 15:33:09.534918+00	1
3	create	ServiceRequests.servicerequest	3	Service Request for q5 Audi GN 81 11 - Pending	{"created": true}	2026-01-30 15:35:47.093282+00	1
4	update	ServiceRequests.servicerequest	3	Service Request for q5 Audi GN 81 11 - Pending	{"labor_cost": {"old": "0.00", "new": "30.00"}}	2026-01-30 15:43:53.663131+00	1
5	update	ServiceRequests.servicerequest	3	Service Request for q5 Audi GN 81 11 - Pending	{"labor_cost": {"old": "30.00", "new": "30"}}	2026-01-30 15:44:27.077+00	1
6	update	ServiceRequests.servicerequest	3	Service Request for q5 Audi GN 81 11 - Completed	{"status": {"old": "Pending", "new": "Completed"}}	2026-01-30 15:44:27.098795+00	1
7	update	Vehicles.vehicle	3	q5 Audi GN 81 11	{"last_serviced": {"old": null, "new": "2026-01-30"}}	2026-01-30 15:44:27.105251+00	1
8	create	Invoices.invoice	1	Invoice for q5 Audi GN 81 11 - Paid: False	{"created": true}	2026-01-30 15:44:27.125019+00	1
9	create	Customers.customer	4	cassandra ofosua	{"created": true}	2026-02-02 17:50:53.239154+00	\N
10	create	Vehicles.vehicle	4	Corolla Toyota gt 456-13	{"created": true}	2026-02-02 17:52:00.931489+00	\N
11	create	ServiceRequests.servicerequest	4	Service Request for Corolla Toyota gt 456-13 - Pending	{"created": true}	2026-02-02 17:52:37.988345+00	\N
12	update	ServiceRequests.servicerequest	4	Service Request for Corolla Toyota gt 456-13 - Pending	{"labor_cost": {"old": "0.00", "new": "50.00"}}	2026-02-02 17:53:16.620691+00	\N
13	update	ServiceRequests.servicerequest	4	Service Request for Corolla Toyota gt 456-13 - Pending	{"labor_cost": {"old": "50.00", "new": "50"}}	2026-02-02 17:53:49.716331+00	\N
14	update	ServiceRequests.servicerequest	4	Service Request for Corolla Toyota gt 456-13 - Completed	{"status": {"old": "Pending", "new": "Completed"}}	2026-02-02 17:53:49.747561+00	\N
15	update	Vehicles.vehicle	4	Corolla Toyota gt 456-13	{"last_serviced": {"old": null, "new": "2026-02-02"}}	2026-02-02 17:53:49.749182+00	\N
16	create	Invoices.invoice	2	Invoice for Corolla Toyota gt 456-13 - Paid: False	{"created": true}	2026-02-02 17:53:49.755492+00	\N
17	create	ServiceRequests.servicerequest	5	Parts sale - Pending	{"created": true}	2026-02-04 16:38:19.143759+00	1
18	delete	Inventories.inventory	1	Brake Pad @ Feeling Auto Parts: 100	{"deleted": true}	2026-02-05 14:01:08.28395+00	1
19	create	Inventories.inventory	2	04465-60380 - FRONT (TOYOTA LANDCRUISER 300, 2022-  TUNDRA , LEXUS 500D ,LX600 2021~) @ Ho-Branch: 100	{"created": true}	2026-02-05 15:49:26.281253+00	1
20	create	Inventories.inventory	3	AB1041 - REAR (NISSAN ARMADA 03-12, TITAN 07-, QX56 03-10, JEEP COMMANDER 05-, GRAND CHEROKEE 0…) @ Feeling Auto Parts: 200	{"created": true}	2026-02-05 15:52:26.230845+00	1
21	create	ServiceRequests.servicerequest	6	Parts sale - Pending	{"created": true}	2026-02-05 15:53:50.218021+00	1
22	update	ServiceRequests.servicerequest	6	Parts sale - Pending	{"labor_cost": {"old": "0.00", "new": "0"}}	2026-02-05 16:16:15.843545+00	1
23	update	ServiceRequests.servicerequest	6	Parts sale - Completed	{"status": {"old": "Pending", "new": "Completed"}}	2026-02-05 16:16:15.862245+00	1
24	update	Inventories.inventory	2	04465-60380 - FRONT (TOYOTA LANDCRUISER 300, 2022-  TUNDRA , LEXUS 500D ,LX600 2021~) @ Ho-Branch: 80	{"quantity_on_hand": {"old": "100", "new": "80"}}	2026-02-05 16:16:15.870732+00	1
25	create	Invoices.invoice	3	Invoice for None - Paid: False	{"created": true}	2026-02-05 16:16:15.878184+00	1
26	update	Invoices.invoice	3	Invoice for None - Paid: True	{"paid": {"old": "False", "new": "True"}, "payment_method": {"old": null, "new": "momo"}, "updated_at": {"old": "2026-02-05 16:16:15.875290+00:00", "new": "2026-02-05 16:26:26.953142+00:00"}}	2026-02-05 16:26:26.959841+00	1
27	create	Customers.customer	5	Walk-in Customer	{"created": true}	2026-02-05 21:04:55.238187+00	1
28	create	Customers.customer	6	Walk-in Customer	{"created": true}	2026-02-05 21:04:55.2482+00	1
29	create	ServiceRequests.servicerequest	7	Parts sale - Pending	{"created": true}	2026-02-05 21:05:27.970065+00	1
30	create	ServiceRequests.servicerequest	8	Parts sale - Pending	{"created": true}	2026-02-06 17:02:19.322749+00	1
31	update	Invoices.invoice	1	Invoice for q5 Audi GN 81 11 - Paid: True	{"paid": {"old": "False", "new": "True"}, "payment_method": {"old": null, "new": "cash"}, "updated_at": {"old": "2026-01-30 15:44:27.115344+00:00", "new": "2026-02-06 17:05:03.178626+00:00"}}	2026-02-06 17:05:03.190299+00	1
32	update	Invoices.invoice	2	Invoice for Corolla Toyota gt 456-13 - Paid: True	{"paid": {"old": "False", "new": "True"}, "payment_method": {"old": null, "new": "cash"}, "updated_at": {"old": "2026-02-02 17:53:49.751830+00:00", "new": "2026-02-06 17:05:04.965403+00:00"}}	2026-02-06 17:05:04.969785+00	1
33	update	ServiceRequests.servicerequest	8	Parts sale - Pending	{"labor_cost": {"old": "0.00", "new": "0"}}	2026-02-06 21:23:16.021363+00	1
34	update	ServiceRequests.servicerequest	8	Parts sale - Completed	{"status": {"old": "Pending", "new": "Completed"}}	2026-02-06 21:23:16.259862+00	1
35	update	Inventories.inventory	2	04465-60380 - FRONT (TOYOTA LANDCRUISER 300, 2022-  TUNDRA , LEXUS 500D ,LX600 2021~) @ Ho-Branch: 78	{"quantity_on_hand": {"old": "80", "new": "78"}}	2026-02-06 21:23:16.279411+00	1
36	create	Invoices.invoice	4	Invoice for None - Paid: False	{"created": true}	2026-02-06 21:23:16.298183+00	1
37	update	Invoices.invoice	4	Invoice for None - Paid: True	{"paid": {"old": "False", "new": "True"}, "payment_method": {"old": null, "new": "momo"}, "updated_at": {"old": "2026-02-06 21:23:16.292358+00:00", "new": "2026-02-06 21:23:30.934828+00:00"}}	2026-02-06 21:23:30.94066+00	1
38	update	ServiceRequests.servicerequest	7	Parts sale - Pending	{"labor_cost": {"old": "0.00", "new": "0"}}	2026-02-06 21:40:50.253714+00	1
39	update	ServiceRequests.servicerequest	7	Parts sale - Completed	{"status": {"old": "Pending", "new": "Completed"}}	2026-02-06 21:40:50.381292+00	1
40	update	Inventories.inventory	2	04465-60380 - FRONT (TOYOTA LANDCRUISER 300, 2022-  TUNDRA , LEXUS 500D ,LX600 2021~) @ Ho-Branch: 76	{"quantity_on_hand": {"old": "78", "new": "76"}}	2026-02-06 21:40:50.392935+00	1
41	create	Invoices.invoice	5	Invoice for None - Paid: False	{"created": true}	2026-02-06 21:40:50.403149+00	1
42	update	Invoices.invoice	5	Invoice for None - Paid: True	{"paid": {"old": "False", "new": "True"}, "payment_method": {"old": null, "new": "pos"}, "updated_at": {"old": "2026-02-06 21:40:50.401144+00:00", "new": "2026-02-06 21:40:58.996835+00:00"}}	2026-02-06 21:40:59.002162+00	1
43	update	ServiceRequests.servicerequest	5	Parts sale - Pending	{"labor_cost": {"old": "0.00", "new": "0"}}	2026-02-06 21:46:29.028217+00	1
44	update	ServiceRequests.servicerequest	5	Parts sale - Completed	{"status": {"old": "Pending", "new": "Completed"}}	2026-02-06 21:46:29.108499+00	1
45	update	Inventories.inventory	2	04465-60380 - FRONT (TOYOTA LANDCRUISER 300, 2022-  TUNDRA , LEXUS 500D ,LX600 2021~) @ Ho-Branch: 74	{"quantity_on_hand": {"old": "76", "new": "74"}}	2026-02-06 21:46:29.117869+00	1
46	create	Invoices.invoice	6	Invoice for None - Paid: False	{"created": true}	2026-02-06 21:46:29.12402+00	1
47	update	Invoices.invoice	6	Invoice for None - Paid: True	{"paid": {"old": "False", "new": "True"}, "payment_method": {"old": null, "new": "pos"}, "updated_at": {"old": "2026-02-06 21:46:29.123337+00:00", "new": "2026-02-06 21:46:36.640294+00:00"}}	2026-02-06 21:46:36.642601+00	1
48	create	ServiceRequests.servicerequest	9	Parts sale - Pending	{"created": true}	2026-02-06 21:47:21.365461+00	1
49	update	ServiceRequests.servicerequest	9	Parts sale - Pending	{"labor_cost": {"old": "0.00", "new": "0"}}	2026-02-06 21:47:50.254562+00	1
50	update	ServiceRequests.servicerequest	9	Parts sale - Completed	{"status": {"old": "Pending", "new": "Completed"}}	2026-02-06 21:47:50.26445+00	1
51	update	Inventories.inventory	2	04465-60380 - FRONT (TOYOTA LANDCRUISER 300, 2022-  TUNDRA , LEXUS 500D ,LX600 2021~) @ Ho-Branch: 72	{"quantity_on_hand": {"old": "74", "new": "72"}}	2026-02-06 21:47:50.276706+00	1
52	create	Invoices.invoice	7	Invoice for None - Paid: False	{"created": true}	2026-02-06 21:47:50.281763+00	1
53	update	Invoices.invoice	7	Invoice for None - Paid: True	{"paid": {"old": "False", "new": "True"}, "payment_method": {"old": null, "new": "cash"}, "updated_at": {"old": "2026-02-06 21:47:50.280740+00:00", "new": "2026-02-06 21:47:54.197722+00:00"}}	2026-02-06 21:47:54.199749+00	1
54	update	ServiceRequests.servicerequest	2	Service Request for GLE Mercedez Benz GW 1999-25 - Pending	{"labor_cost": {"old": "0.00", "new": "30.00"}}	2026-02-07 14:47:02.539302+00	1
55	update	ServiceRequests.servicerequest	2	Service Request for GLE Mercedez Benz GW 1999-25 - Pending	{"labor_cost": {"old": "30.00", "new": "30"}}	2026-02-07 14:47:26.765995+00	1
56	update	ServiceRequests.servicerequest	2	Service Request for GLE Mercedez Benz GW 1999-25 - Completed	{"status": {"old": "Pending", "new": "Completed"}}	2026-02-07 14:47:26.777421+00	1
57	update	Vehicles.vehicle	2	GLE Mercedez Benz GW 1999-25	{"last_serviced": {"old": null, "new": "2026-02-07"}}	2026-02-07 14:47:26.781273+00	1
58	create	Invoices.invoice	8	Invoice for GLE Mercedez Benz GW 1999-25 - Paid: False	{"created": true}	2026-02-07 14:47:26.791162+00	1
59	update	Invoices.invoice	8	Invoice for GLE Mercedez Benz GW 1999-25 - Paid: True	{"paid": {"old": "False", "new": "True"}, "payment_method": {"old": null, "new": "cash"}, "updated_at": {"old": "2026-02-07 14:47:26.786757+00:00", "new": "2026-02-07 14:47:34.241386+00:00"}}	2026-02-07 14:47:34.245394+00	1
60	create	Inventories.inventory	4	AB1058 - FRONT (DODGE : CALIBER 08~, CHALLENGER\t 09~20\nDODGE: CHARGER\t 06~20\nMAGNUM 05~08 CHRYSL…) @ Ho-Branch: 200	{"created": true}	2026-02-07 19:14:49.669525+00	1
61	create	Customers.customer	7	elorm Azasu	{"created": true}	2026-02-08 18:07:02.742775+00	1
62	create	Vehicles.vehicle	5	Corolla Toyota GT 8285 16	{"created": true}	2026-02-08 18:08:38.326627+00	1
63	create	ServiceRequests.servicerequest	10	Service Request for Corolla Toyota GT 8285 16 - Pending	{"created": true}	2026-02-08 18:09:21.552691+00	1
64	create	ServiceRequests.servicerequest	11	Service Request for GLE Mercedez Benz GW 1999-25 - Pending	{"created": true}	2026-02-09 20:48:51.298713+00	1
65	update	ServiceRequests.servicerequest	11	Service Request for GLE Mercedez Benz GW 1999-25 - Pending	{"labor_cost": {"old": "0.00", "new": "50.00"}}	2026-02-09 20:49:51.508486+00	1
66	update	ServiceRequests.servicerequest	11	Service Request for GLE Mercedez Benz GW 1999-25 - Pending	{"labor_cost": {"old": "50.00", "new": "50"}}	2026-02-09 20:49:58.895495+00	1
67	update	ServiceRequests.servicerequest	11	Service Request for GLE Mercedez Benz GW 1999-25 - Completed	{"status": {"old": "Pending", "new": "Completed"}}	2026-02-09 20:49:58.908769+00	1
68	update	Vehicles.vehicle	2	GLE Mercedez Benz GW 1999-25	{"last_serviced": {"old": "2026-02-07", "new": "2026-02-09"}}	2026-02-09 20:49:58.914742+00	1
69	create	Invoices.invoice	9	Invoice for GLE Mercedez Benz GW 1999-25 - Paid: False	{"created": true}	2026-02-09 20:49:58.923608+00	1
70	update	Invoices.invoice	9	Invoice for GLE Mercedez Benz GW 1999-25 - Paid: True	{"paid": {"old": "False", "new": "True"}, "payment_method": {"old": null, "new": "pos"}, "updated_at": {"old": "2026-02-09 20:49:58.920813+00:00", "new": "2026-02-10 10:56:58.562635+00:00"}}	2026-02-10 10:56:58.567784+00	1
71	create	Customers.customer	8	Aaron Luri	{"created": true}	2026-02-10 11:51:21.838618+00	1
72	create	Vehicles.vehicle	6	X3 BMW AR 1981-25	{"created": true}	2026-02-10 11:52:14.169858+00	1
73	create	ServiceRequests.servicerequest	12	Service Request for X3 BMW AR 1981-25 - Pending	{"created": true}	2026-02-10 11:52:51.729281+00	1
74	update	ServiceRequests.servicerequest	12	Service Request for X3 BMW AR 1981-25 - Pending	{"labor_cost": {"old": "0.00", "new": "50.00"}}	2026-02-10 11:53:30.82192+00	1
75	update	ServiceRequests.servicerequest	12	Service Request for X3 BMW AR 1981-25 - Pending	{"labor_cost": {"old": "50.00", "new": "50"}}	2026-02-10 11:53:36.407042+00	1
76	update	ServiceRequests.servicerequest	12	Service Request for X3 BMW AR 1981-25 - Completed	{"status": {"old": "Pending", "new": "Completed"}}	2026-02-10 11:53:36.44083+00	1
77	update	Vehicles.vehicle	6	X3 BMW AR 1981-25	{"last_serviced": {"old": null, "new": "2026-02-10"}}	2026-02-10 11:53:36.446588+00	1
78	create	Invoices.invoice	10	Invoice for X3 BMW AR 1981-25 - Paid: False	{"created": true}	2026-02-10 11:53:36.467088+00	1
79	update	Invoices.invoice	10	Invoice for X3 BMW AR 1981-25 - Paid: True	{"paid": {"old": "False", "new": "True"}, "payment_method": {"old": null, "new": "cash"}, "updated_at": {"old": "2026-02-10 11:53:36.462093+00:00", "new": "2026-02-10 14:37:09.376689+00:00"}}	2026-02-10 14:37:09.38153+00	1
80	create	ServiceRequests.servicerequest	13	Sale - Pending	{"created": true}	2026-02-10 14:38:49.627681+00	1
81	update	ServiceRequests.servicerequest	13	Sale - Pending	{"labor_cost": {"old": "0.00", "new": "0"}}	2026-02-10 14:39:22.941623+00	1
82	update	ServiceRequests.servicerequest	13	Sale - Completed	{"status": {"old": "Pending", "new": "Completed"}}	2026-02-10 14:39:22.95763+00	1
83	update	Inventories.inventory	2	04465-60380 - FRONT (TOYOTA LANDCRUISER 300, 2022-  TUNDRA , LEXUS 500D ,LX600 2021~) @ Ho-Branch: 71	{"quantity_on_hand": {"old": "72", "new": "71"}}	2026-02-10 14:39:22.966471+00	1
84	create	Invoices.invoice	11	Invoice for None - Paid: False	{"created": true}	2026-02-10 14:39:22.975691+00	1
85	update	Invoices.invoice	11	Invoice for None - Paid: True	{"paid": {"old": "False", "new": "True"}, "payment_method": {"old": null, "new": "pos"}, "updated_at": {"old": "2026-02-10 14:39:22.974422+00:00", "new": "2026-02-10 14:39:50.706091+00:00"}}	2026-02-10 14:39:50.708269+00	1
86	create	Customers.customer	9	Ernest Sewor	{"created": true}	2026-02-10 16:09:56.515664+00	1
87	delete	Customers.customer	9	Ernest Sewor	{"deleted": true}	2026-02-10 16:48:30.384674+00	1
88	create	Customers.customer	10	Ernest Serwonu	{"created": true}	2026-02-10 16:50:59.454779+00	1
89	delete	Customers.customer	10	Ernest Serwonu	{"deleted": true}	2026-02-10 16:53:53.973969+00	1
90	create	Customers.customer	11	Ernest Sewornu	{"created": true}	2026-02-10 16:54:20.783183+00	1
91	create	ServiceRequests.servicerequest	14	Service Request SR-2026-0014 - Pending	{"created": true}	2026-02-10 18:24:24.111428+00	1
92	update	ServiceRequests.servicerequest	14	Service Request SR-2026-0014 - Pending	{"labor_cost": {"old": "0.00", "new": "10.00"}}	2026-02-10 18:26:46.608803+00	1
93	update	ServiceRequests.servicerequest	14	Service Request SR-2026-0014 - Pending	{"labor_cost": {"old": "10.00", "new": "10"}}	2026-02-10 18:36:26.130305+00	1
94	update	ServiceRequests.servicerequest	14	Service Request SR-2026-0014 - Completed	{"status": {"old": "Pending", "new": "Completed"}}	2026-02-10 18:36:26.150769+00	1
95	update	Vehicles.vehicle	4	Corolla Toyota gt 456-13	{"last_serviced": {"old": "2026-02-02", "new": "2026-02-10"}}	2026-02-10 18:36:26.152254+00	1
96	create	Invoices.invoice	12	Invoice INV-2026-00012 - Paid: False	{"created": true}	2026-02-10 18:36:26.161118+00	1
97	update	Invoices.invoice	12	Invoice INV-2026-00012 - Paid: True	{"paid": {"old": "False", "new": "True"}, "payment_method": {"old": null, "new": "cash"}, "updated_at": {"old": "2026-02-10 18:36:26.159164+00:00", "new": "2026-02-10 18:37:51.813781+00:00"}}	2026-02-10 18:37:51.816671+00	1
98	create	ServiceRequests.servicerequest	15	Sale SR-2026-0015 - Pending	{"created": true}	2026-02-10 18:41:13.702987+00	1
99	create	ServiceRequests.servicerequest	16	Sale SR-2026-0016 - Pending	{"created": true}	2026-02-10 18:41:56.999125+00	1
100	update	ServiceRequests.servicerequest	16	Sale SR-2026-0016 - Pending	{"labor_cost": {"old": "0.00", "new": "0"}}	2026-02-10 18:44:38.255612+00	1
101	update	ServiceRequests.servicerequest	16	Sale SR-2026-0016 - Completed	{"status": {"old": "Pending", "new": "Completed"}}	2026-02-10 18:44:38.363172+00	1
102	update	Inventories.inventory	2	04465-60380 - FRONT (TOYOTA LANDCRUISER 300, 2022-  TUNDRA , LEXUS 500D ,LX600 2021~) @ Ho-Branch: 70	{"quantity_on_hand": {"old": "71", "new": "70"}}	2026-02-10 18:44:38.376646+00	1
103	create	Invoices.invoice	13	Invoice INV-2026-00013 - Paid: False	{"created": true}	2026-02-10 18:44:38.382558+00	1
104	update	Invoices.invoice	13	Invoice INV-2026-00013 - Paid: True	{"paid": {"old": "False", "new": "True"}, "payment_method": {"old": null, "new": "momo"}, "updated_at": {"old": "2026-02-10 18:44:38.381744+00:00", "new": "2026-02-10 18:44:56.541150+00:00"}}	2026-02-10 18:44:56.543662+00	1
105	create	ServiceRequests.servicerequest	17	Sale SR-2026-0017 - Pending	{"created": true}	2026-02-10 22:24:24.509501+00	1
106	create	ServiceRequests.servicerequest	18	Sale SR-2026-0018 - Pending	{"created": true}	2026-02-10 22:31:34.877704+00	1
107	create	ServiceRequests.servicerequest	19	Sale SR-2026-0019 - Pending	{"created": true}	2026-02-10 22:35:18.009684+00	1
108	create	ServiceRequests.servicerequest	20	Sale SR-2026-0020 - Pending	{"created": true}	2026-02-11 11:35:29.680489+00	1
109	create	ServiceRequests.servicerequest	21	Sale SR-2026-0021 - Pending	{"created": true}	2026-02-11 11:56:24.310158+00	1
110	create	Inventories.inventory	5	AB1011 - FRONT (FORD F150 97~20, LINCOLN:  Mark LT 01~10) @ Ho-Branch: 100	{"created": true}	2026-02-11 12:00:19.124647+00	1
111	create	Inventories.inventory	6	AB1107 - FRONT (AUDI A1 10- , A3 09-13, 03-09, TT 11-14, 06-10, VW GOLF V 07-11, VI 08-13, POLO …) @ Ho-Branch: 100	{"created": true}	2026-02-11 12:03:14.513727+00	1
112	create	Inventories.inventory	7	AB1108 - REAR (AUDI A3, A4, A6 04-2011, Q3 11-15, RS3 11- , TT 03-, 09- , VW PASSAT, JETTA, GOL…) @ Ho-Branch: 100	{"created": true}	2026-02-11 12:03:46.209235+00	1
113	create	ServiceRequests.servicerequest	22	Sale SR-2026-0022 - Pending	{"created": true}	2026-02-11 12:04:17.148509+00	1
114	create	ServiceRequests.servicerequest	23	Sale SR-2026-0023 - Pending	{"created": true}	2026-02-11 12:05:27.160373+00	1
115	update	ServiceRequests.servicerequest	23	Sale SR-2026-0023 - Pending	{"labor_cost": {"old": "0.00", "new": "0"}}	2026-02-11 12:06:12.551599+00	1
116	update	ServiceRequests.servicerequest	23	Sale SR-2026-0023 - Completed	{"status": {"old": "Pending", "new": "Completed"}}	2026-02-11 12:06:12.589943+00	1
117	update	Inventories.inventory	6	AB1107 - FRONT (AUDI A1 10- , A3 09-13, 03-09, TT 11-14, 06-10, VW GOLF V 07-11, VI 08-13, POLO …) @ Ho-Branch: 90	{"quantity_on_hand": {"old": "100", "new": "90"}}	2026-02-11 12:06:12.597302+00	1
118	create	Invoices.invoice	14	Invoice INV-2026-00014 - Paid: False	{"created": true}	2026-02-11 12:06:12.611802+00	1
\.


--
-- Data for Name: auth_group; Type: TABLE DATA; Schema: public; Owner: workshop
--

COPY public.auth_group (id, name) FROM stdin;
\.


--
-- Data for Name: auth_group_permissions; Type: TABLE DATA; Schema: public; Owner: workshop
--

COPY public.auth_group_permissions (id, group_id, permission_id) FROM stdin;
\.


--
-- Data for Name: auth_permission; Type: TABLE DATA; Schema: public; Owner: workshop
--

COPY public.auth_permission (id, name, content_type_id, codename) FROM stdin;
1	Can add log entry	1	add_logentry
2	Can change log entry	1	change_logentry
3	Can delete log entry	1	delete_logentry
4	Can view log entry	1	view_logentry
5	Can add permission	2	add_permission
6	Can change permission	2	change_permission
7	Can delete permission	2	delete_permission
8	Can view permission	2	view_permission
9	Can add group	3	add_group
10	Can change group	3	change_group
11	Can delete group	3	delete_group
12	Can view group	3	view_group
13	Can add content type	4	add_contenttype
14	Can change content type	4	change_contenttype
15	Can delete content type	4	delete_contenttype
16	Can view content type	4	view_contenttype
17	Can add session	5	add_session
18	Can change session	5	change_session
19	Can delete session	5	delete_session
20	Can view session	5	view_session
21	Can add user	6	add_customuser
22	Can change user	6	change_customuser
23	Can delete user	6	delete_customuser
24	Can view user	6	view_customuser
25	Can add customer	7	add_customer
26	Can change customer	7	change_customer
27	Can delete customer	7	delete_customer
28	Can view customer	7	view_customer
29	Can add vehicle	8	add_vehicle
30	Can change vehicle	8	change_vehicle
31	Can delete vehicle	8	delete_vehicle
32	Can view vehicle	8	view_vehicle
33	Can add invoice	9	add_invoice
34	Can change invoice	9	change_invoice
35	Can delete invoice	9	delete_invoice
36	Can view invoice	9	view_invoice
37	Can add mechanic	10	add_mechanic
38	Can change mechanic	10	change_mechanic
39	Can delete mechanic	10	delete_mechanic
40	Can view mechanic	10	view_mechanic
41	Can add inventory	11	add_inventory
42	Can change inventory	11	change_inventory
43	Can delete inventory	11	delete_inventory
44	Can view inventory	11	view_inventory
45	Can add product	12	add_product
46	Can change product	12	change_product
47	Can delete product	12	delete_product
48	Can view product	12	view_product
49	Can add service request	13	add_servicerequest
50	Can change service request	13	change_servicerequest
51	Can delete service request	13	delete_servicerequest
52	Can view service request	13	view_servicerequest
53	Can add product usage	14	add_productusage
54	Can change product usage	14	change_productusage
55	Can delete product usage	14	delete_productusage
56	Can view product usage	14	view_productusage
57	Can add site	15	add_site
58	Can change site	15	change_site
59	Can delete site	15	delete_site
60	Can view site	15	view_site
61	Can add promotion	16	add_promotion
62	Can change promotion	16	change_promotion
63	Can delete promotion	16	delete_promotion
64	Can view promotion	16	view_promotion
65	Can add blacklisted token	17	add_blacklistedtoken
66	Can change blacklisted token	17	change_blacklistedtoken
67	Can delete blacklisted token	17	delete_blacklistedtoken
68	Can view blacklisted token	17	view_blacklistedtoken
69	Can add outstanding token	18	add_outstandingtoken
70	Can change outstanding token	18	change_outstandingtoken
71	Can delete outstanding token	18	delete_outstandingtoken
72	Can view outstanding token	18	view_outstandingtoken
73	Can add inventory transaction	19	add_inventorytransaction
74	Can change inventory transaction	19	change_inventorytransaction
75	Can delete inventory transaction	19	delete_inventorytransaction
76	Can view inventory transaction	19	view_inventorytransaction
77	Can add appointment	20	add_appointment
78	Can change appointment	20	change_appointment
79	Can delete appointment	20	delete_appointment
80	Can view appointment	20	view_appointment
81	Can add audit log	21	add_auditlog
82	Can change audit log	21	change_auditlog
83	Can delete audit log	21	delete_auditlog
84	Can view audit log	21	view_auditlog
85	Can add service type	22	add_servicetype
86	Can change service type	22	change_servicetype
87	Can delete service type	22	delete_servicetype
88	Can view service type	22	view_servicetype
89	Can add service category	23	add_servicecategory
90	Can change service category	23	change_servicecategory
91	Can delete service category	23	delete_servicecategory
92	Can view service category	23	view_servicecategory
93	Can add Display number sequence	24	add_displaynumbersequence
94	Can change Display number sequence	24	change_displaynumbersequence
95	Can delete Display number sequence	24	delete_displaynumbersequence
96	Can view Display number sequence	24	view_displaynumbersequence
\.


--
-- Data for Name: common_displaynumbersequence; Type: TABLE DATA; Schema: public; Owner: workshop
--

COPY public.common_displaynumbersequence (id, prefix, year, last_value) FROM stdin;
2	SR	2026	23
1	INV	2026	14
\.


--
-- Data for Name: django_admin_log; Type: TABLE DATA; Schema: public; Owner: workshop
--

COPY public.django_admin_log (id, action_time, object_id, object_repr, action_flag, change_message, content_type_id, user_id) FROM stdin;
1	2026-01-30 07:59:45.299526+00	3	testuser@gmail.com	1	[{"added": {}}]	6	1
2	2026-01-30 08:02:35.943258+00	3	testuser@gmail.com	2	[]	6	1
3	2026-01-30 08:08:34.924079+00	3	testuser@gmail.com	3		6	1
4	2026-01-30 08:09:00.016268+00	4	testuser@gmail.com	1	[{"added": {}}]	6	1
5	2026-01-30 08:09:09.795747+00	4	testuser@gmail.com	2	[{"changed": {"fields": ["Staff status"]}}]	6	1
6	2026-01-30 08:12:28.265588+00	4	testuser@gmail.com	2	[]	6	1
7	2026-01-30 10:54:24.689289+00	2	Ho-Branch	1	[{"added": {}}]	15	1
8	2026-01-30 11:05:20.102117+00	4	testuser@gmail.com	3		6	1
9	2026-01-30 11:06:28.416148+00	5	testuser@gmail.com	1	[{"added": {}}]	6	1
10	2026-01-30 12:19:26.947403+00	8	ceo@gmail.com	1	[{"added": {}}]	6	1
11	2026-02-05 14:00:07.383972+00	2	04465-60380 - FRONT	2	[]	12	1
12	2026-02-05 14:00:09.72233+00	2	04465-60380 - FRONT	2	[]	12	1
13	2026-02-05 14:00:31.803915+00	2	04465-60380 - FRONT	3		12	1
14	2026-02-05 14:00:31.811057+00	3	04466-60190 - REAR	3		12	1
15	2026-02-05 14:00:31.811495+00	109	AB1011 - FRONT	3		12	1
16	2026-02-05 14:00:31.811963+00	110	AB1012 - REAR	3		12	1
17	2026-02-05 14:00:31.81339+00	46	AB1041 - REAR	3		12	1
18	2026-02-05 14:00:31.813783+00	157	AB1044 - FRONT	3		12	1
19	2026-02-05 14:00:31.814127+00	111	AB1047 - FRONT	3		12	1
20	2026-02-05 14:00:31.814476+00	168	AB1058 - FRONT	3		12	1
21	2026-02-05 14:00:31.814862+00	112	AB1083 - FRONT	3		12	1
22	2026-02-05 14:00:31.815188+00	31	AB1086 - REAR	3		12	1
23	2026-02-05 14:00:31.815514+00	32	AB1089 - FRONT	3		12	1
24	2026-02-05 14:00:31.815994+00	47	AB1094 - FRONT	3		12	1
25	2026-02-05 14:00:31.81641+00	176	AB1098 - FRONT	3		12	1
26	2026-02-05 14:00:31.816762+00	177	AB1099 - REAR	3		12	1
27	2026-02-05 14:00:31.81708+00	48	AB1101 - REAR	3		12	1
28	2026-02-05 14:00:31.817391+00	257	AB1107 - FRONT	3		12	1
29	2026-02-05 14:00:31.817749+00	258	AB1108 - REAR	3		12	1
30	2026-02-05 14:00:31.818103+00	79	AB1157 - REAR	3		12	1
31	2026-02-05 14:00:31.81904+00	136	AB1169 - FRONT	3		12	1
32	2026-02-05 14:00:31.819319+00	4	AB1184 - FRONT	3		12	1
33	2026-02-05 14:00:31.819624+00	137	AB1194/AB1707 - REAR	3		12	1
34	2026-02-05 14:00:31.819901+00	5	AB1210 - FRONT	3		12	1
35	2026-02-05 14:00:31.820932+00	6	AB1212 - REAR	3		12	1
36	2026-02-05 14:00:31.821238+00	7	AB1222 - FRONT	3		12	1
37	2026-02-05 14:00:31.821513+00	68	AB1258 - FRONT	3		12	1
38	2026-02-05 14:00:31.821859+00	158	AB1259 - REAR	3		12	1
39	2026-02-05 14:00:31.822181+00	169	AB1274 - REAR	3		12	1
40	2026-02-05 14:00:31.822465+00	138	AB1275 - REAR	3		12	1
41	2026-02-05 14:00:31.822738+00	113	AB1279 - REAR	3		12	1
42	2026-02-05 14:00:31.823001+00	33	AB1281 - REAR	3		12	1
43	2026-02-05 14:00:31.823259+00	192	AB1291 - FRONT	3		12	1
44	2026-02-05 14:00:31.823581+00	237	AB1294 - FRONT	3		12	1
45	2026-02-05 14:00:31.823892+00	80	AB1295/AB1855 - FRONT	3		12	1
46	2026-02-05 14:00:31.824183+00	81	AB1297 - REAR	3		12	1
47	2026-02-05 14:00:31.824494+00	82	AB1302 - REAR	3		12	1
48	2026-02-05 14:00:31.824803+00	8	AB1303 - FRONT	3		12	1
49	2026-02-05 14:00:31.825102+00	238	AB1309 - REAR	3		12	1
50	2026-02-05 14:00:31.825398+00	83	AB1313 - REAR	3		12	1
51	2026-02-05 14:00:31.825756+00	193	AB1316 - FRONT	3		12	1
52	2026-02-05 14:00:31.826771+00	260	AB1322 - FRONT	3		12	1
53	2026-02-05 14:00:31.827038+00	9	AB1324 - FRONT	3		12	1
54	2026-02-05 14:00:31.827301+00	34	AB1336 - REAR	3		12	1
55	2026-02-05 14:00:31.827583+00	49	AB1338 - FRONT	3		12	1
56	2026-02-05 14:00:31.827886+00	194	AB1340 - FRONT	3		12	1
57	2026-02-05 14:00:31.828158+00	195	AB1341 - REAR	3		12	1
58	2026-02-05 14:00:31.828417+00	139	AB1363 - FRONT	3		12	1
59	2026-02-05 14:00:31.82873+00	261	AB1375 - FRONT	3		12	1
60	2026-02-05 14:00:31.829019+00	114	AB1377 - REAR	3		12	1
61	2026-02-05 14:00:31.829314+00	35	AB1378 - FRONT	3		12	1
62	2026-02-05 14:00:31.829625+00	262	AB1386 - REAR	3		12	1
63	2026-02-05 14:00:31.829927+00	10	AB1391 - REAR	3		12	1
64	2026-02-05 14:00:31.830222+00	84	AB1396 - FRONT	3		12	1
65	2026-02-05 14:00:31.830509+00	85	AB1397 - FRONT	3		12	1
66	2026-02-05 14:00:31.830868+00	140	AB1404 - FRONT	3		12	1
67	2026-02-05 14:00:31.831202+00	196	AB1406 - FRONT	3		12	1
68	2026-02-05 14:00:31.831586+00	141	AB1411 - REAR	3		12	1
69	2026-02-05 14:00:31.83194+00	86	AB1413 - FRONT	3		12	1
70	2026-02-05 14:00:31.833062+00	197	AB1420 - FRONT	3		12	1
71	2026-02-05 14:00:31.833451+00	87	AB1421 - FRONT	3		12	1
72	2026-02-05 14:00:31.833829+00	11	AB1423 - REAR	3		12	1
73	2026-02-05 14:00:31.834735+00	178	AB1426 - FRONT	3		12	1
74	2026-02-05 14:00:31.835505+00	179	AB1427 - FRONT	3		12	1
75	2026-02-05 14:00:31.835842+00	170	AB1428/AB1053 - REAR	3		12	1
76	2026-02-05 14:00:31.83612+00	239	AB1429 - FRONT	3		12	1
77	2026-02-05 14:00:31.836417+00	88	AB1432 - FRONT	3		12	1
78	2026-02-05 14:00:31.836696+00	50	AB1435 - FRONT	3		12	1
79	2026-02-05 14:00:31.836972+00	240	AB1443 - FRONT	3		12	1
80	2026-02-05 14:00:31.837251+00	89	AB1444 - FRONT	3		12	1
81	2026-02-05 14:00:31.837534+00	91	AB1447 - FRONT	3		12	1
82	2026-02-05 14:00:31.837829+00	263	AB1452 - FRONT	3		12	1
83	2026-02-05 14:00:31.838125+00	115	AB1454 - FRONT	3		12	1
84	2026-02-05 14:00:31.838426+00	198	AB1455 - FRONT	3		12	1
85	2026-02-05 14:00:31.838706+00	264	AB1456 - REAR	3		12	1
86	2026-02-05 14:00:31.83896+00	142	AB1468 - REAR	3		12	1
87	2026-02-05 14:00:31.839222+00	241	AB1469 - REAR	3		12	1
88	2026-02-05 14:00:31.840458+00	180	AB1479 - FRONT	3		12	1
89	2026-02-05 14:00:31.840749+00	116	AB1508 - FRONT	3		12	1
90	2026-02-05 14:00:31.841014+00	51	AB1510 - REAR	3		12	1
91	2026-02-05 14:00:31.841591+00	69	AB1519 - FRONT	3		12	1
92	2026-02-05 14:00:31.841878+00	265	AB1546 - FRONT	3		12	1
93	2026-02-05 14:00:31.84214+00	199	AB1549 - FRONT	3		12	1
94	2026-02-05 14:00:31.8424+00	12	AB1550 - FRONT	3		12	1
95	2026-02-05 14:00:31.84269+00	242	AB1554 - REAR	3		12	1
96	2026-02-05 14:00:31.843034+00	243	AB1561 - FRONT	3		12	1
97	2026-02-05 14:00:31.843988+00	92	AB1566 - FRONT	3		12	1
98	2026-02-05 14:00:31.844265+00	13	AB1567 - FRONT	3		12	1
99	2026-02-05 14:00:31.844525+00	267	AB1575 - FRONT	3		12	1
100	2026-02-05 14:00:31.844825+00	93	AB1576 - FRONT	3		12	1
101	2026-02-05 14:00:31.845116+00	14	AB1586/AB1118 - FRONT	3		12	1
102	2026-02-05 14:00:31.84538+00	52	AB1592 - FRONT	3		12	1
103	2026-02-05 14:00:31.845631+00	90	AB1593 - FRONT	3		12	1
104	2026-02-05 14:00:31.845932+00	268	AB1600 - FRONT	3		12	1
105	2026-02-05 14:00:31.846191+00	94	AB1601 - FRONT	3		12	1
106	2026-02-05 14:00:31.847958+00	117	AB1602 - REAR	3		12	1
107	2026-02-05 14:00:31.848229+00	244	AB1609 - FRONT	3		12	1
108	2026-02-05 14:00:31.848482+00	245	AB1610 - REAR	3		12	1
109	2026-02-05 14:00:31.848785+00	118	AB1611 - FRONT	3		12	1
110	2026-02-05 14:00:31.849056+00	78	AB1614 - FRONT	3		12	1
111	2026-02-05 14:00:31.849315+00	159	AB1623 - FRONT	3		12	1
112	2026-02-05 14:00:31.849577+00	200	AB1630 - REAR	3		12	1
113	2026-02-05 14:00:53.196713+00	266	AB1633 - FRONT	3		12	1
114	2026-02-05 14:00:53.200864+00	201	AB1634 - FRONT	3		12	1
115	2026-02-05 14:00:53.20166+00	202	AB1636 - FRONT	3		12	1
116	2026-02-05 14:00:53.202324+00	160	AB1642 - FRONT	3		12	1
117	2026-02-05 14:00:53.202903+00	119	AB1645 - FRONT	3		12	1
118	2026-02-05 14:00:53.203512+00	203	AB1646 - REAR	3		12	1
119	2026-02-05 14:00:53.204118+00	53	AB1649 - FRONT	3		12	1
120	2026-02-05 14:00:53.204627+00	54	AB1650 - FRONT	3		12	1
121	2026-02-05 14:00:53.205134+00	120	AB1653 - FRONT	3		12	1
122	2026-02-05 14:00:53.205656+00	36	AB1654 - FRONT	3		12	1
123	2026-02-05 14:00:53.206218+00	246	AB1656 - REAR	3		12	1
124	2026-02-05 14:00:53.206624+00	269	AB1663 - FRONT	3		12	1
125	2026-02-05 14:00:53.207079+00	204	AB1670 - FRONT	3		12	1
126	2026-02-05 14:00:53.207474+00	70	AB1679 - REAR	3		12	1
127	2026-02-05 14:00:53.207878+00	121	AB1680 - FRONT	3		12	1
128	2026-02-05 14:00:53.208774+00	205	AB1681 - REAR	3		12	1
129	2026-02-05 14:00:53.209273+00	206	AB1688 - FRONT	3		12	1
130	2026-02-05 14:00:53.20967+00	207	AB1689 - REAR	3		12	1
131	2026-02-05 14:00:53.210154+00	181	AB1692 - REAR	3		12	1
132	2026-02-05 14:00:53.210631+00	209	AB1694 - FRONT	3		12	1
133	2026-02-05 14:00:53.21115+00	15	AB1726 - FRONT	3		12	1
134	2026-02-05 14:00:53.211677+00	16	AB1727 - REAR	3		12	1
135	2026-02-05 14:00:53.212301+00	161	AB1728 - FRONT	3		12	1
136	2026-02-05 14:00:53.212838+00	162	AB1729 - REAR	3		12	1
137	2026-02-05 14:00:53.213398+00	55	AB1736 - FRONT	3		12	1
138	2026-02-05 14:00:53.214067+00	56	AB1737 - FRONT	3		12	1
139	2026-02-05 14:00:53.214633+00	57	AB1748 - FRONT	3		12	1
140	2026-02-05 14:00:53.215184+00	182	AB1752 - REAR	3		12	1
141	2026-02-05 14:00:53.215663+00	163	AB1759 - FRONT	3		12	1
142	2026-02-05 14:00:53.216107+00	270	AB1760 - FRONT	3		12	1
143	2026-02-05 14:00:53.216562+00	271	AB1761 - REAR	3		12	1
144	2026-02-05 14:00:53.217052+00	122	AB1770 - FRONT	3		12	1
145	2026-02-05 14:00:53.217492+00	272	AB1780/AB1785 - REAR	3		12	1
146	2026-02-05 14:00:53.219315+00	58	AB1788 - FRONT	3		12	1
147	2026-02-05 14:00:53.219718+00	210	AB1794 - FRONT	3		12	1
148	2026-02-05 14:00:53.220162+00	211	AB1795 - REAR	3		12	1
149	2026-02-05 14:00:53.22057+00	212	AB1796 - FRONT	3		12	1
150	2026-02-05 14:00:53.220925+00	143	AB1802 - FRONT	3		12	1
151	2026-02-05 14:00:53.22135+00	17	AB1805 - REAR	3		12	1
152	2026-02-05 14:00:53.221702+00	144	AB1806 - REAR	3		12	1
153	2026-02-05 14:00:53.222124+00	184	AB1821 - REAR	3		12	1
154	2026-02-05 14:00:53.222543+00	183	AB1838 - FRONT	3		12	1
155	2026-02-05 14:00:53.222949+00	37	AB1841 - REAR	3		12	1
156	2026-02-05 14:00:53.223315+00	164	AB1846 - REAR	3		12	1
157	2026-02-05 14:00:53.22376+00	95	AB1847 - FRONT	3		12	1
158	2026-02-05 14:00:53.224126+00	18	AB1852 - FRONT	3		12	1
159	2026-02-05 14:00:53.224532+00	145	AB1857 - REAR	3		12	1
160	2026-02-05 14:00:53.224879+00	38	AB1860 - FRONT	3		12	1
161	2026-02-05 14:00:53.225235+00	185	AB1861 - FRONT	3		12	1
162	2026-02-05 14:00:53.225634+00	213	AB1862 - FRONT	3		12	1
163	2026-02-05 14:00:53.225981+00	248	AB1867 - FRONT	3		12	1
164	2026-02-05 14:00:53.22671+00	247	AB1868 - FRONT	3		12	1
165	2026-02-05 14:00:53.227053+00	214	AB1871 - FRONT	3		12	1
166	2026-02-05 14:00:53.22741+00	215	AB1872 - REAR	3		12	1
167	2026-02-05 14:00:53.22777+00	216	AB1873 - FRONT	3		12	1
168	2026-02-05 14:00:53.228153+00	249	AB1875 - FRONT	3		12	1
169	2026-02-05 14:00:53.228539+00	273	AB1876 - FRONT	3		12	1
170	2026-02-05 14:00:53.228924+00	146	AB1877/AB1914 - REAR	3		12	1
171	2026-02-05 14:00:53.229351+00	19	AB1879 - REAR	3		12	1
172	2026-02-05 14:00:53.229872+00	147	AB1886 - FRONT	3		12	1
173	2026-02-05 14:00:53.230355+00	250	AB1892 - FRONT	3		12	1
174	2026-02-05 14:00:53.230714+00	274	AB1894 - FRONT	3		12	1
175	2026-02-05 14:00:53.23108+00	275	AB1897 - FRONT	3		12	1
176	2026-02-05 14:00:53.231457+00	280	AB1899 - FRONT	3		12	1
177	2026-02-05 14:00:53.231807+00	96	AB1912 - FRONT	3		12	1
178	2026-02-05 14:00:53.232212+00	251	AB1922 - FRONT	3		12	1
179	2026-02-05 14:00:53.23257+00	165	AB1934 - REAR	3		12	1
180	2026-02-05 14:00:53.232943+00	99	AB1935 - FRONT	3		12	1
181	2026-02-05 14:00:53.234253+00	281	AB1953 - FRONT	3		12	1
182	2026-02-05 14:00:53.234632+00	59	AB1958 - FRONT	3		12	1
183	2026-02-05 14:00:53.234954+00	60	AB1959 - REAR	3		12	1
184	2026-02-05 14:00:53.235243+00	97	AB1963 - REAR	3		12	1
185	2026-02-05 14:00:53.235532+00	61	AB1965 - REAR	3		12	1
186	2026-02-05 14:00:53.235827+00	98	AB1971/AB1828 - FRONT	3		12	1
187	2026-02-05 14:00:53.236125+00	282	AB1990 - FRONT	3		12	1
188	2026-02-05 14:00:53.236422+00	284	AB2020 - FRONT	3		12	1
189	2026-02-05 14:00:53.236713+00	283	AB2021 - REAR	3		12	1
190	2026-02-05 14:00:53.237053+00	100	AB2035 - FRONT	3		12	1
191	2026-02-05 14:00:53.237341+00	39	AB2036 - FRONT	3		12	1
192	2026-02-05 14:00:53.237692+00	40	AB2037 - REAR	3		12	1
193	2026-02-05 14:00:53.238206+00	62	AB2038 - FRONT	3		12	1
194	2026-02-05 14:00:53.238525+00	217	AB2047 - REAR	3		12	1
195	2026-02-05 14:00:53.238812+00	101	AB2050 - REAR	3		12	1
196	2026-02-05 14:00:53.23908+00	20	AB2058 - FRONT	3		12	1
197	2026-02-05 14:00:53.239352+00	253	AB2059 - REAR	3		12	1
198	2026-02-05 14:00:53.239618+00	252	AB2060 - FRONT	3		12	1
199	2026-02-05 14:00:53.240228+00	276	AB2074 - FRONT	3		12	1
200	2026-02-05 14:00:53.240549+00	21	AB2076 - FRONT	3		12	1
201	2026-02-05 14:00:53.240861+00	123	AB2085 - FRONT	3		12	1
202	2026-02-05 14:00:53.241152+00	22	AB2086 - FRONT	3		12	1
203	2026-02-05 14:00:53.241459+00	124	AB2087 - FRONT	3		12	1
204	2026-02-05 14:00:53.241763+00	71	AB2096 - FRONT	3		12	1
205	2026-02-05 14:00:53.242041+00	41	AB2115 - FRONT	3		12	1
206	2026-02-05 14:00:53.242313+00	102	AB2126 - FRONT	3		12	1
207	2026-02-05 14:00:53.242579+00	189	AB2133 - FRONT	3		12	1
208	2026-02-05 14:00:53.242905+00	72	AB2135 - REAR	3		12	1
209	2026-02-05 14:00:53.243245+00	277	AB2139 - FRONT	3		12	1
210	2026-02-05 14:00:53.243558+00	218	AB2162 - FRONT	3		12	1
211	2026-02-05 14:00:53.243916+00	171	AB2169 - REAR	3		12	1
212	2026-02-05 14:00:53.244207+00	172	AB2172 - REAR	3		12	1
213	2026-02-05 14:01:08.242362+00	148	AB2173 - FRONT	3		12	1
214	2026-02-05 14:01:08.245344+00	149	AB2174 - REAR	3		12	1
215	2026-02-05 14:01:08.246425+00	23	AB2176 - FRONT	3		12	1
216	2026-02-05 14:01:08.247322+00	73	AB2178 - FRONT	3		12	1
217	2026-02-05 14:01:08.247967+00	173	AB2179 - FRONT	3		12	1
218	2026-02-05 14:01:08.248532+00	24	AB2183/AB2305 - REAR	3		12	1
219	2026-02-05 14:01:08.249109+00	191	AB2184 - FRONT	3		12	1
220	2026-02-05 14:01:08.249612+00	43	AB2185 - FRONT	3		12	1
221	2026-02-05 14:01:08.25003+00	174	AB2186 - REAR	3		12	1
222	2026-02-05 14:01:08.250461+00	278	AB2192 - FRONT	3		12	1
223	2026-02-05 14:01:08.250871+00	103	AB2198 - FRONT	3		12	1
224	2026-02-05 14:01:08.251783+00	104	AB2199 - REAR	3		12	1
225	2026-02-05 14:01:08.252187+00	219	AB2206 - FRONT	3		12	1
226	2026-02-05 14:01:08.252568+00	125	AB2208 - REAR	3		12	1
227	2026-02-05 14:01:08.252995+00	220	AB2209 - FRONT	3		12	1
228	2026-02-05 14:01:08.253413+00	221	AB2210 - REAR	3		12	1
229	2026-02-05 14:01:08.253769+00	106	AB2215 - FRONT	3		12	1
230	2026-02-05 14:01:08.254135+00	126	AB2216 - FRONT	3		12	1
231	2026-02-05 14:01:08.254521+00	166	AB2218 - FRONT	3		12	1
232	2026-02-05 14:01:08.254957+00	167	AB2219 - REAR	3		12	1
233	2026-02-05 14:01:08.255329+00	256	AB2220 - REAR	3		12	1
234	2026-02-05 14:01:08.255667+00	130	AB2229 - FRONT	3		12	1
235	2026-02-05 14:01:08.256043+00	131	AB2230 - FRONT	3		12	1
236	2026-02-05 14:01:08.25641+00	132	AB2231 - REAR	3		12	1
237	2026-02-05 14:01:08.256799+00	133	AB2232 - REAR	3		12	1
238	2026-02-05 14:01:08.257137+00	222	AB2235 - REAR	3		12	1
239	2026-02-05 14:01:08.257473+00	223	AB2237 - FRONT	3		12	1
240	2026-02-05 14:01:08.257878+00	224	AB2238 - FRONT	3		12	1
241	2026-02-05 14:01:08.258233+00	225	AB2239 - REAR	3		12	1
242	2026-02-05 14:01:08.258825+00	190	AB2257 - FRONT	3		12	1
243	2026-02-05 14:01:08.259277+00	226	AB2271 - REAR	3		12	1
244	2026-02-05 14:01:08.259638+00	227	AB2276 - FRONT	3		12	1
245	2026-02-05 14:01:08.259973+00	105	AB2299 - REAR	3		12	1
246	2026-02-05 14:01:08.260281+00	107	AB2302 - FRONT	3		12	1
247	2026-02-05 14:01:08.260593+00	25	AB2305/AB2183 - REAR	3		12	1
248	2026-02-05 14:01:08.260928+00	150	AB2345 - FRONT	3		12	1
249	2026-02-05 14:01:08.261247+00	151	AB2369 - FRONT	3		12	1
250	2026-02-05 14:01:08.261612+00	152	AB2370 - REAR	3		12	1
251	2026-02-05 14:01:08.262017+00	153	AB2371 - FRONT	3		12	1
252	2026-02-05 14:01:08.262341+00	134	AB2382 - FRONT	3		12	1
253	2026-02-05 14:01:08.262653+00	127	AB2383 - REAR	3		12	1
254	2026-02-05 14:01:08.263022+00	154	AB2404 - FRONT	3		12	1
255	2026-02-05 14:01:08.263336+00	155	AB2405 - REAR	3		12	1
256	2026-02-05 14:01:08.263647+00	63	AB2413 - FRONT	3		12	1
257	2026-02-05 14:01:08.263962+00	186	AB2416 - FRONT	3		12	1
258	2026-02-05 14:01:08.264291+00	42	AB2418 - FRONT	3		12	1
259	2026-02-05 14:01:08.264621+00	229	AB2425 - REAR	3		12	1
260	2026-02-05 14:01:08.265807+00	279	AB2438 - FRONT	3		12	1
261	2026-02-05 14:01:08.266146+00	228	AB2441 - FRONT	3		12	1
262	2026-02-05 14:01:08.266462+00	230	AB2455 - FRONT	3		12	1
263	2026-02-05 14:01:08.266754+00	231	AB2456 - FRONT	3		12	1
264	2026-02-05 14:01:08.267061+00	188	AB2461 - FRONT	3		12	1
265	2026-02-05 14:01:08.267337+00	187	AB2464 - REAR	3		12	1
266	2026-02-05 14:01:08.267667+00	232	AB2466 - FRONT	3		12	1
267	2026-02-05 14:01:08.267979+00	208	AB2488 - REAR	3		12	1
268	2026-02-05 14:01:08.268272+00	233	AB2501 - REAR	3		12	1
269	2026-02-05 14:01:08.268585+00	236	AB2517/ 34208844393 - REAR	3		12	1
270	2026-02-05 14:01:08.268915+00	64	AB333 - FRONT	3		12	1
271	2026-02-05 14:01:08.269192+00	259	AB340 - REAR	3		12	1
272	2026-02-05 14:01:08.269477+00	26	AB436 - FRONT	3		12	1
273	2026-02-05 14:01:08.269755+00	44	AB465 - FRONT	3		12	1
274	2026-02-05 14:01:08.270155+00	45	AB537 - REAR	3		12	1
275	2026-02-05 14:01:08.27051+00	27	AB606 - REAR	3		12	1
276	2026-02-05 14:01:08.2708+00	74	AB733 - REAR	3		12	1
277	2026-02-05 14:01:08.271122+00	28	AB772 - FRONT	3		12	1
278	2026-02-05 14:01:08.272018+00	65	AB830 - FRONT	3		12	1
279	2026-02-05 14:01:08.272325+00	234	AB847 - FRONT	3		12	1
280	2026-02-05 14:01:08.272609+00	128	AB857 - FRONT	3		12	1
281	2026-02-05 14:01:08.272909+00	75	AB866 - FRONT	3		12	1
282	2026-02-05 14:01:08.273191+00	76	AB867 - FRONT	3		12	1
283	2026-02-05 14:01:08.273462+00	77	AB868 - REAR	3		12	1
284	2026-02-05 14:01:08.273742+00	129	AB881 - REAR	3		12	1
285	2026-02-05 14:01:08.274055+00	66	AB888 - FRONT	3		12	1
286	2026-02-05 14:01:08.274408+00	67	AB905 - REAR	3		12	1
287	2026-02-05 14:01:08.274692+00	135	AB913 - FRONT	3		12	1
288	2026-02-05 14:01:08.27506+00	254	AB918 - FRONT	3		12	1
289	2026-02-05 14:01:08.275381+00	255	AB919 - REAR	3		12	1
290	2026-02-05 14:01:08.275807+00	156	AB922 - REAR	3		12	1
291	2026-02-05 14:01:08.276097+00	29	AB929 - FRONT	3		12	1
292	2026-02-05 14:01:08.276394+00	175	AB967 - REAR	3		12	1
293	2026-02-05 14:01:08.276653+00	235	AB986 - REAR	3		12	1
294	2026-02-05 14:01:08.276915+00	30	AB990 - FRONT	3		12	1
295	2026-02-05 14:01:08.277504+00	1	Brake Pad	3		12	1
296	2026-02-05 14:01:08.277799+00	108	GDB3535 - FRONT	3		12	1
\.


--
-- Data for Name: django_content_type; Type: TABLE DATA; Schema: public; Owner: workshop
--

COPY public.django_content_type (id, app_label, model) FROM stdin;
1	admin	logentry
2	auth	permission
3	auth	group
4	contenttypes	contenttype
5	sessions	session
6	accounts	customuser
7	Customers	customer
8	Vehicles	vehicle
9	Invoices	invoice
10	Mechanics	mechanic
11	Inventories	inventory
12	Products	product
13	ServiceRequests	servicerequest
14	ServiceRequests	productusage
15	Site	site
16	Promotions	promotion
17	token_blacklist	blacklistedtoken
18	token_blacklist	outstandingtoken
19	Inventories	inventorytransaction
20	Appointments	appointment
21	audit	auditlog
22	ServiceRequests	servicetype
23	ServiceRequests	servicecategory
24	common	displaynumbersequence
\.


--
-- Data for Name: django_migrations; Type: TABLE DATA; Schema: public; Owner: workshop
--

COPY public.django_migrations (id, app, name, applied) FROM stdin;
1	Customers	0001_initial	2026-01-29 14:32:59.366005+00
2	Products	0001_initial	2026-01-29 14:32:59.37054+00
3	Inventories	0001_initial	2026-01-29 14:32:59.37771+00
4	Mechanics	0001_initial	2026-01-29 14:32:59.380982+00
5	ServiceRequests	0001_initial	2026-01-29 14:32:59.389594+00
6	Invoices	0001_initial	2026-01-29 14:32:59.392896+00
7	Invoices	0002_initial	2026-01-29 14:32:59.39805+00
8	Site	0001_initial	2026-01-29 14:32:59.400977+00
9	Mechanics	0002_initial	2026-01-29 14:32:59.405578+00
10	Promotions	0001_initial	2026-01-29 14:32:59.409538+00
11	Vehicles	0001_initial	2026-01-29 14:32:59.419103+00
12	ServiceRequests	0002_initial	2026-01-29 14:32:59.427021+00
13	ServiceRequests	0003_productusage_servicerequest_product_used	2026-01-29 14:32:59.438571+00
14	contenttypes	0001_initial	2026-01-29 14:32:59.444422+00
15	contenttypes	0002_remove_content_type_name	2026-01-29 14:32:59.45405+00
16	auth	0001_initial	2026-01-29 14:32:59.478381+00
17	auth	0002_alter_permission_name_max_length	2026-01-29 14:32:59.48212+00
18	auth	0003_alter_user_email_max_length	2026-01-29 14:32:59.484859+00
19	auth	0004_alter_user_username_opts	2026-01-29 14:32:59.487649+00
20	auth	0005_alter_user_last_login_null	2026-01-29 14:32:59.492098+00
21	auth	0006_require_contenttypes_0002	2026-01-29 14:32:59.495556+00
22	auth	0007_alter_validators_add_error_messages	2026-01-29 14:32:59.498807+00
23	auth	0008_alter_user_username_max_length	2026-01-29 14:32:59.503694+00
24	auth	0009_alter_user_last_name_max_length	2026-01-29 14:32:59.516752+00
25	auth	0010_alter_group_name_max_length	2026-01-29 14:32:59.522339+00
26	auth	0011_update_proxy_permissions	2026-01-29 14:32:59.52921+00
27	auth	0012_alter_user_first_name_max_length	2026-01-29 14:32:59.533388+00
28	accounts	0001_initial	2026-01-29 14:32:59.555774+00
29	Site	0002_initial	2026-01-29 14:32:59.567417+00
30	Vehicles	0002_vehicle_last_serviced	2026-01-29 14:32:59.57424+00
31	admin	0001_initial	2026-01-29 14:32:59.588376+00
32	admin	0002_logentry_remove_auto_add	2026-01-29 14:32:59.592391+00
33	admin	0003_logentry_add_action_flag_choices	2026-01-29 14:32:59.596602+00
34	sessions	0001_initial	2026-01-29 14:32:59.604744+00
35	token_blacklist	0001_initial	2026-01-29 14:32:59.627321+00
36	token_blacklist	0002_outstandingtoken_jti_hex	2026-01-29 14:32:59.631734+00
37	token_blacklist	0003_auto_20171017_2007	2026-01-29 14:32:59.639283+00
38	token_blacklist	0004_auto_20171017_2013	2026-01-29 14:32:59.646591+00
39	token_blacklist	0005_remove_outstandingtoken_jti	2026-01-29 14:32:59.651316+00
40	token_blacklist	0006_auto_20171017_2113	2026-01-29 14:32:59.658898+00
41	token_blacklist	0007_auto_20171017_2214	2026-01-29 14:32:59.713963+00
42	token_blacklist	0008_migrate_to_bigautofield	2026-01-29 14:32:59.742249+00
43	token_blacklist	0010_fix_migrate_to_bigautofield	2026-01-29 14:32:59.752184+00
44	token_blacklist	0011_linearizes_history	2026-01-29 14:32:59.754054+00
45	token_blacklist	0012_alter_outstandingtoken_user	2026-01-29 14:32:59.762119+00
46	Products	0002_product_catalog_enhancements	2026-01-29 19:07:32.093774+00
47	Inventories	0002_inventory_enhancements	2026-01-29 19:07:32.22688+00
48	Inventories	0003_alter_inventory_options_alter_inventory_bin_location_and_more	2026-01-29 19:18:27.573426+00
49	Products	0003_alter_product_options_alter_product_cost_price_and_more	2026-01-29 19:18:27.592999+00
50	Customers	0002_customer_phone_charfield	2026-01-29 21:30:38.833068+00
51	Mechanics	0003_mechanic_phone_max_length	2026-01-29 21:30:38.843001+00
52	Site	0003_alter_site_manager_related_name	2026-01-30 07:40:20.78959+00
53	accounts	0002_user_site	2026-01-30 07:40:20.884833+00
54	ServiceRequests	0004_servicerequest_created_at	2026-01-30 11:42:00.018478+00
55	accounts	0003_customuser_phone_number	2026-01-30 11:50:03.60161+00
56	accounts	0004_remove_location_choices	2026-01-30 12:12:10.050859+00
57	Promotions	0002_promotion_discount	2026-01-30 13:18:43.703864+00
58	Invoices	0003_invoice_discount_promotion	2026-01-30 13:18:43.799667+00
59	ServiceRequests	0005_servicerequest_labor_cost	2026-01-30 13:39:21.278302+00
60	Appointments	0001_initial	2026-01-30 14:37:46.12272+00
61	audit	0001_initial	2026-01-30 14:47:21.197302+00
62	Customers	0003_customer_receive_service_reminders	2026-01-30 14:57:45.48614+00
63	Vehicles	0003_vehicle_service_interval_last_reminder	2026-01-30 14:57:45.527449+00
64	ServiceRequests	0006_servicecategory_servicetype_servicerequest_service_type	2026-01-30 16:14:06.206387+00
65	ServiceRequests	0007_servicerequest_vehicle_optional	2026-02-04 14:00:22.374467+00
66	ServiceRequests	0008_alter_servicerequest_description	2026-02-04 14:08:48.298703+00
67	Products	0004_product_fmsi_application_position	2026-02-04 15:35:20.354906+00
68	Products	0005_add_product_type	2026-02-05 14:46:08.254038+00
69	Invoices	0004_add_payment_method	2026-02-05 16:22:59.414613+00
70	Products	0006_add_product_image	2026-02-10 11:17:20.715938+00
71	common	0001_initial	2026-02-10 12:15:07.184587+00
72	Appointments	0002_appointment_display_number	2026-02-10 12:15:07.199893+00
73	Appointments	0003_backfill_appointment_display_numbers	2026-02-10 12:15:07.21056+00
74	Appointments	0004_alter_appointment_display_number	2026-02-10 12:15:07.224679+00
75	Invoices	0005_invoice_display_number	2026-02-10 12:16:10.803157+00
76	Invoices	0006_backfill_invoice_display_numbers	2026-02-10 12:16:10.822862+00
77	ServiceRequests	0009_servicerequest_display_number	2026-02-10 12:16:10.8362+00
78	ServiceRequests	0010_backfill_servicerequest_display_numbers	2026-02-10 12:16:10.871116+00
79	Invoices	0007_alter_invoice_display_number	2026-02-10 14:49:18.54262+00
80	ServiceRequests	0011_alter_servicerequest_display_number	2026-02-10 14:49:18.563802+00
\.


--
-- Data for Name: django_session; Type: TABLE DATA; Schema: public; Owner: workshop
--

COPY public.django_session (session_key, session_data, expire_date) FROM stdin;
droinrgz1rw3tijan9zkvw0z6ho0naje	.eJxVjMsOwiAQRf-FtSFQHgWX7v0GMtOZStVAUtqV8d-VpAvd3dxzcl4iwb7ltDde00LiLLQ4_X4I04NLB3SHcqtyqmVbF5RdkQdt8lqJn5fD_QtkaLln7awHhqB0NORsxEFZpwACEpmAODpjPQAFdlbrcfZskFT4jhiUj1q8P8_gN0A:1vlTpE:ortLsQvkzoxICnoQrdiUu6hdhKE1N0x2455Nvm-H8Dg	2026-02-12 15:20:52.54147+00
ef98mp792nc56sgllnbwdyldmodri9ki	.eJxVjMsOwiAQRf-FtSFQHgWX7v0GMtOZStVAUtqV8d-VpAvd3dxzcl4iwb7ltDde00LiLLQ4_X4I04NLB3SHcqtyqmVbF5RdkQdt8lqJn5fD_QtkaLln7awHhqB0NORsxEFZpwACEpmAODpjPQAFdlbrcfZskFT4jhiUj1q8P8_gN0A:1vljO4:stxrx2yBQ1IEa_94cCc3DCwAZUdvFEYzJWPzSY7ehoc	2026-02-13 07:57:52.795867+00
ym5wzc25gzs3cj4kna3t3f40fx0zx988	.eJxVjMsOwiAQRf-FtSFQHgWX7v0GMtOZStVAUtqV8d-VpAvd3dxzcl4iwb7ltDde00LiLLQ4_X4I04NLB3SHcqtyqmVbF5RdkQdt8lqJn5fD_QtkaLln7awHhqB0NORsxEFZpwACEpmAODpjPQAFdlbrcfZskFT4jhiUj1q8P8_gN0A:1vljc3:oW0ym5kI66eImpDfH6vtn2C7lDpeQ8K0Gzdaw4udUTc	2026-02-13 08:12:19.774108+00
r4x1yuisrlapuo1ptro91dbt4h3fcoup	.eJxVjMsOwiAQRf-FtSFQHgWX7v0GMtOZStVAUtqV8d-VpAvd3dxzcl4iwb7ltDde00LiLLQ4_X4I04NLB3SHcqtyqmVbF5RdkQdt8lqJn5fD_QtkaLln7awHhqB0NORsxEFZpwACEpmAODpjPQAFdlbrcfZskFT4jhiUj1q8P8_gN0A:1vloCg:rcjNDm5FDtYf6AiobteM-F9bVA5HxId_3XnRHS-Lkfo	2026-02-13 13:06:26.532421+00
g90lwfxut9ya730py45oky80cxq8amlp	.eJxVjMsOwiAQRf-FtSFQHgWX7v0GMtOZStVAUtqV8d-VpAvd3dxzcl4iwb7ltDde00LiLLQ4_X4I04NLB3SHcqtyqmVbF5RdkQdt8lqJn5fD_QtkaLln7awHhqB0NORsxEFZpwACEpmAODpjPQAFdlbrcfZskFT4jhiUj1q8P8_gN0A:1vnfe7:Cbw-BmR-pzwVR1xe5wJXr17I6a_s2C3etkG2ILJBxOE	2026-02-18 16:22:27.074141+00
sbmbo1rqsuej2yywvap5wkk5an0otw8g	.eJxVjMsOwiAQRf-FtSFQHgWX7v0GMtOZStVAUtqV8d-VpAvd3dxzcl4iwb7ltDde00LiLLQ4_X4I04NLB3SHcqtyqmVbF5RdkQdt8lqJn5fD_QtkaLln7awHhqB0NORsxEFZpwACEpmAODpjPQAFdlbrcfZskFT4jhiUj1q8P8_gN0A:1vplua:lSYHqxSU0LlLNvNJ7NeysaAtPMqqVX3HxJe9JdnapmQ	2026-02-24 11:28:08.471907+00
\.


--
-- Data for Name: token_blacklist_blacklistedtoken; Type: TABLE DATA; Schema: public; Owner: workshop
--

COPY public.token_blacklist_blacklistedtoken (id, blacklisted_at, token_id) FROM stdin;
1	2026-01-29 17:40:14.285368+00	1
157	2026-02-11 11:56:00.254213+00	131
161	2026-02-11 12:55:58.408675+00	134
158	2026-02-11 11:58:53.674135+00	132
5	2026-01-29 18:48:40.496727+00	5
9	2026-01-29 18:58:15.564823+00	6
13	2026-01-29 19:19:30.019094+00	7
27	2026-01-30 12:19:49.669416+00	20
28	2026-01-30 13:25:06.431684+00	22
43	2026-01-30 15:27:51.201404+00	28
47	2026-01-30 16:22:36.464386+00	31
50	2026-02-02 15:52:05.2422+00	34
57	2026-02-04 14:12:19.563116+00	40
64	2026-02-04 15:56:33.104774+00	47
76	2026-02-05 15:52:41.549816+00	60
77	2026-02-05 16:25:55.289245+00	62
159	2026-02-11 12:03:52.871772+00	133
93	2026-02-06 16:55:45.056685+00	73
94	2026-02-06 21:22:39.839031+00	74
100	2026-02-07 14:45:09.551602+00	80
103	2026-02-07 16:08:46.431439+00	84
104	2026-02-07 16:12:28.13036+00	85
117	2026-02-08 18:07:22.719569+00	98
122	2026-02-09 14:48:52.105303+00	102
126	2026-02-09 20:23:31.293925+00	105
133	2026-02-10 11:25:49.752002+00	110
141	2026-02-10 16:08:45.640405+00	119
144	2026-02-10 18:17:03.466115+00	121
145	2026-02-10 18:35:38.927641+00	122
149	2026-02-10 22:17:53.634621+00	126
150	2026-02-11 08:12:48.49962+00	127
31	2026-01-30 13:57:29.145306+00	23
44	2026-01-30 15:47:43.041392+00	29
51	2026-02-02 17:45:16.983368+00	35
65	2026-02-04 16:27:00.998247+00	48
78	2026-02-05 17:08:57.823065+00	63
92	2026-02-06 16:53:37.764328+00	71
101	2026-02-07 15:24:26.429538+00	81
105	2026-02-07 16:24:51.131925+00	86
120	2026-02-08 19:02:39.186737+00	99
134	2026-02-10 11:56:40.336611+00	111
142	2026-02-10 16:44:13.003931+00	120
146	2026-02-10 18:39:18.256355+00	123
33	2026-01-30 13:57:29.554782+00	24
45	2026-01-30 15:51:57.230266+00	30
49	2026-01-30 16:25:57.038319+00	32
52	2026-02-02 18:28:00.56596+00	36
67	2026-02-04 16:37:17.198521+00	49
79	2026-02-05 17:08:58.113886+00	64
96	2026-02-06 22:03:15.315343+00	75
106	2026-02-07 16:29:25.6752+00	87
124	2026-02-09 19:51:06.750763+00	104
128	2026-02-09 20:25:03.544848+00	106
135	2026-02-10 12:16:43.450134+00	112
147	2026-02-10 19:16:42.36371+00	124
152	2026-02-11 08:32:39.640232+00	129
34	2026-01-30 14:29:37.653842+00	25
60	2026-02-04 14:44:49.345225+00	41
68	2026-02-04 20:14:20.081796+00	50
80	2026-02-05 19:54:33.813498+00	66
97	2026-02-07 04:40:10.580488+00	77
107	2026-02-07 16:42:21.888407+00	88
121	2026-02-08 20:29:14.581722+00	100
129	2026-02-09 20:57:00.429518+00	107
136	2026-02-10 14:31:48.372876+00	113
148	2026-02-10 21:46:37.216569+00	125
69	2026-02-04 20:17:51.559371+00	51
98	2026-02-07 10:50:51.671585+00	78
108	2026-02-07 16:48:51.547977+00	89
137	2026-02-10 14:31:48.562409+00	114
154	2026-02-11 11:49:06.55444+00	130
17	2026-01-29 20:09:56.284225+00	8
55	2026-02-02 18:28:00.989195+00	37
62	2026-02-04 14:51:53.076532+00	45
70	2026-02-04 20:50:31.388687+00	52
109	2026-02-07 17:00:25.665126+00	90
131	2026-02-10 10:23:00.175755+00	108
138	2026-02-10 14:38:09.015312+00	115
63	2026-02-04 15:34:28.621377+00	46
83	2026-02-05 20:28:32.086422+00	68
110	2026-02-07 18:50:44.892754+00	91
132	2026-02-10 10:56:58.520916+00	109
139	2026-02-10 14:52:34.499124+00	116
21	2026-01-29 20:56:41.418461+00	9
38	2026-01-30 14:30:13.046356+00	26
72	2026-02-05 13:56:19.012141+00	56
111	2026-02-07 19:14:58.009486+00	92
140	2026-02-10 15:07:01.655013+00	117
41	2026-01-30 15:06:15.02041+00	27
112	2026-02-07 22:11:28.637471+00	93
22	2026-01-29 21:27:39.907543+00	10
74	2026-02-05 14:47:22.520447+00	57
86	2026-02-05 20:28:32.170146+00	69
23	2026-01-30 07:12:26.45065+00	12
75	2026-02-05 14:50:00.726374+00	58
87	2026-02-05 21:01:51.510663+00	70
114	2026-02-08 09:54:00.525671+00	94
116	2026-02-08 09:55:15.413313+00	95
\.


--
-- Data for Name: token_blacklist_outstandingtoken; Type: TABLE DATA; Schema: public; Owner: workshop
--

COPY public.token_blacklist_outstandingtoken (id, token, created_at, expires_at, user_id, jti) FROM stdin;
1	eyJhbGciOiJIUzI1NiIsInR5cCI6IkpXVCJ9.eyJ0b2tlbl90eXBlIjoicmVmcmVzaCIsImV4cCI6MTc2OTc4NzIxOCwiaWF0IjoxNzY5NzAwODE4LCJqdGkiOiJjYzcwYzBkMDhjNjk0ODAyYjU2ODc0OTY4OGU1YjFmNiIsInVzZXJfaWQiOjF9.VcVxFCT8bG7LaltGKk8e-qcQfkZ1pIlh4eP5P86BXZQ	2026-01-29 15:33:38.631764+00	2026-01-30 15:33:38+00	1	cc70c0d08c694802b568749688e5b1f6
2	eyJhbGciOiJIUzI1NiIsInR5cCI6IkpXVCJ9.eyJ0b2tlbl90eXBlIjoicmVmcmVzaCIsImV4cCI6MTc2OTc4NzIyMiwiaWF0IjoxNzY5NzAwODIyLCJqdGkiOiI3MWQ3YTA5NjRjZDY0NDI4ODI4ZDliNWJlZjYxNTU2ZiIsInVzZXJfaWQiOjJ9.ywyroMV4JpjN9bWOn8-4iW4ee9VrFhtK1zA2Z89-zrw	2026-01-29 15:33:42.065118+00	2026-01-30 15:33:42+00	2	71d7a0964cd64428828d9b5bef61556f
3	eyJhbGciOiJIUzI1NiIsInR5cCI6IkpXVCJ9.eyJ0b2tlbl90eXBlIjoicmVmcmVzaCIsImV4cCI6MTc2OTc4NzIyNywiaWF0IjoxNzY5NzAwODI3LCJqdGkiOiIxMjgzYWNjMGJiZWE0YTA1OGRjODI4YTYwYzZhMjExNCIsInVzZXJfaWQiOjJ9.KBKKoAN8NpweLmShG1RPCy0kwwwf0huEYRySn_6XFPA	2026-01-29 15:33:47.291042+00	2026-01-30 15:33:47+00	2	1283acc0bbea4a058dc828a60c6a2114
4	eyJhbGciOiJIUzI1NiIsInR5cCI6IkpXVCJ9.eyJ0b2tlbl90eXBlIjoicmVmcmVzaCIsImV4cCI6MTc2OTc4NzMzMywiaWF0IjoxNzY5NzAwOTMzLCJqdGkiOiIyMjk3MGE4OTM1Nzg0M2I0ODZlYTdiOTIwMjA1ZDZhOCIsInVzZXJfaWQiOjF9.-J3EY1nMPfdpOPY6sTjP1zxlIKfeXySbmlKUm7bsSY8	2026-01-29 15:35:33.220969+00	2026-01-30 15:35:33+00	1	22970a89357843b486ea7b920205d6a8
5	eyJhbGciOiJIUzI1NiIsInR5cCI6IkpXVCJ9.eyJ0b2tlbl90eXBlIjoicmVmcmVzaCIsImV4cCI6MTc2OTc5NDI5MywiaWF0IjoxNzY5NzA3ODkzLCJqdGkiOiI2MGQxN2M2YzI1Zjk0MzZiYTI2N2RmZmE1YjJlZmJjZCIsInVzZXJfaWQiOjF9.UvCfsHXIgsC4p0Q2lf_SsLuxIYnuM3jBIaVRKbGmT6o	2026-01-29 17:31:33.844962+00	2026-01-30 17:31:33+00	1	60d17c6c25f9436ba267dffa5b2efbcd
6	eyJhbGciOiJIUzI1NiIsInR5cCI6IkpXVCJ9.eyJ0b2tlbl90eXBlIjoicmVmcmVzaCIsImV4cCI6MTc2OTc5NDg5MiwiaWF0IjoxNzY5NzA4NDkyLCJqdGkiOiI0MDM5N2ExYThhZTQ0ODdhYWRiYjRkOTBjZjEzMmE4NCIsInVzZXJfaWQiOjF9.1iRBf2MaCtCePBK19Ig7taiE6NQfEBrR_dP9YPGOAXo	2026-01-29 17:41:32.6549+00	2026-01-30 17:41:32+00	1	40397a1a8ae4487aadbb4d90cf132a84
7	eyJhbGciOiJIUzI1NiIsInR5cCI6IkpXVCJ9.eyJ0b2tlbl90eXBlIjoicmVmcmVzaCIsImV4cCI6MTc2OTc5ODkyMywiaWF0IjoxNzY5NzEyNTIzLCJqdGkiOiIxODM2ZjMxYWI5Mjc0MWYxYWZjNjUzZTEwYzlhYzFiMCIsInVzZXJfaWQiOjF9.7Q9tN1b0NZVbWBRoFnaMgGU_WXskvcpgibA2xPd34ug	2026-01-29 18:48:43.38143+00	2026-01-30 18:48:43+00	1	1836f31ab92741f1afc653e10c9ac1b0
8	eyJhbGciOiJIUzI1NiIsInR5cCI6IkpXVCJ9.eyJ0b2tlbl90eXBlIjoicmVmcmVzaCIsImV4cCI6MTc2OTgwMDc3MiwiaWF0IjoxNzY5NzE0MzcyLCJqdGkiOiI3YjAzMjJhZmVhNDU0ZDExYmY2ZGJkNzBmMmU0ODVmMSIsInVzZXJfaWQiOjF9.yxPmuMdnrG73oRCQ-pM9wUzk5yaQhoqg72O1PhkwJyQ	2026-01-29 19:19:32.387974+00	2026-01-30 19:19:32+00	1	7b0322afea454d11bf6dbd70f2e485f1
9	eyJhbGciOiJIUzI1NiIsInR5cCI6IkpXVCJ9.eyJ0b2tlbl90eXBlIjoicmVmcmVzaCIsImV4cCI6MTc2OTgwMzc5OCwiaWF0IjoxNzY5NzE3Mzk4LCJqdGkiOiIwYzg3ODkxMWQ4YmI0YWMzOTBlZDZjNGM5YTkyNGU0MiIsInVzZXJfaWQiOjF9.ol6fl4OcvhfZQEOsLY5OHT-kq_bO21bqA3kTKGFV5qQ	2026-01-29 20:09:58.843385+00	2026-01-30 20:09:58+00	1	0c878911d8bb4ac390ed6c4c9a924e42
10	eyJhbGciOiJIUzI1NiIsInR5cCI6IkpXVCJ9.eyJ0b2tlbl90eXBlIjoicmVmcmVzaCIsImV4cCI6MTc2OTgwNjYwMSwiaWF0IjoxNzY5NzIwMjAxLCJqdGkiOiJiY2FhODgxNzQ4NTk0NGZjOWY1NTU0YzU5MWIyZWJjMyIsInVzZXJfaWQiOjF9.cG9778TXqwJyEfIIB1JvLp4jPUusV5jFOurKd76z68Q	\N	2026-01-30 20:56:41+00	\N	bcaa8817485944fc9f5554c591b2ebc3
12	eyJhbGciOiJIUzI1NiIsInR5cCI6IkpXVCJ9.eyJ0b2tlbl90eXBlIjoicmVmcmVzaCIsImV4cCI6MTc2OTgwODQ1OSwiaWF0IjoxNzY5NzIyMDU5LCJqdGkiOiI5N2Y0ZjA2ZTI3ZGQ0MWRjODJmYjhhMTRjY2NkZDI1ZSIsInVzZXJfaWQiOjF9.dg078bST8Cm_WwsUgys0B9C36LMA4wvzg9jRzV3-N3M	\N	2026-01-30 21:27:39+00	\N	97f4f06e27dd41dc82fb8a14cccdd25e
16	eyJhbGciOiJIUzI1NiIsInR5cCI6IkpXVCJ9.eyJ0b2tlbl90eXBlIjoicmVmcmVzaCIsImV4cCI6MTc2OTg0MzU0OCwiaWF0IjoxNzY5NzU3MTQ4LCJqdGkiOiJhZmU3MjVkNGVjYTg0NmRmOTc4NmYyMmI1MzU4Y2UwNSIsInVzZXJfaWQiOjF9.itOWPCuCN-iJ52TNcN-OdkPmLXOMCnF2hvdkw91Frx4	2026-01-30 07:12:28.220487+00	2026-01-31 07:12:28+00	1	afe725d4eca846df9786f22b5358ce05
17	eyJhbGciOiJIUzI1NiIsInR5cCI6IkpXVCJ9.eyJ0b2tlbl90eXBlIjoicmVmcmVzaCIsImV4cCI6MTc2OTg1NjczOCwiaWF0IjoxNzY5NzcwMzM4LCJqdGkiOiJkNjBmNGNjNTliMTk0Y2ZhODZhYzdmNGY4NzZjNjdkOSIsInVzZXJfaWQiOjF9.DKoe50EfqANGxiNc9YMfcsLceDngPWFE26My0NizL8M	2026-01-30 10:52:18.798574+00	2026-01-31 10:52:18+00	1	d60f4cc59b194cfa86ac7f4f876c67d9
18	eyJhbGciOiJIUzI1NiIsInR5cCI6IkpXVCJ9.eyJ0b2tlbl90eXBlIjoicmVmcmVzaCIsImV4cCI6MTc2OTg1NzY5NiwiaWF0IjoxNzY5NzcxMjk2LCJqdGkiOiJlMGE1MGYxZTZlYWQ0N2EzOWUwZmEwMjRhNzYwZDI0OCIsInVzZXJfaWQiOjF9.4uKQODYftn6aghC1s4qhx293oUvEOuciXj7C7Q9nuh0	2026-01-30 11:08:16.974056+00	2026-01-31 11:08:16+00	1	e0a50f1e6ead47a39e0fa024a760d248
19	eyJhbGciOiJIUzI1NiIsInR5cCI6IkpXVCJ9.eyJ0b2tlbl90eXBlIjoicmVmcmVzaCIsImV4cCI6MTc2OTg1ODA5NiwiaWF0IjoxNzY5NzcxNjk2LCJqdGkiOiIzYmQ1NWY4ZTA3NDU0YTc5YjMxY2VmMDhlOWMyNGYwOCIsInVzZXJfaWQiOjF9.2GOLlCgV3WSHTucgKGMoBXtkPnYVwCcZiYTH5obCp6k	2026-01-30 11:14:56.613146+00	2026-01-31 11:14:56+00	1	3bd55f8e07454a79b31cef08e9c24f08
20	eyJhbGciOiJIUzI1NiIsInR5cCI6IkpXVCJ9.eyJ0b2tlbl90eXBlIjoicmVmcmVzaCIsImV4cCI6MTc2OTg1ODYyOCwiaWF0IjoxNzY5NzcyMjI4LCJqdGkiOiJiMTkxYzcxZDZhZGQ0MDYwODQzM2NhZTUyMmEyZWVmMyIsInVzZXJfaWQiOjV9.zHymcT_Da8cxU2RYdGDAHtjsbTtHG5g-2sEHyYplUvs	2026-01-30 11:23:48.058889+00	2026-01-31 11:23:48+00	5	b191c71d6add40608433cae522a2eef3
21	eyJhbGciOiJIUzI1NiIsInR5cCI6IkpXVCJ9.eyJ0b2tlbl90eXBlIjoicmVmcmVzaCIsImV4cCI6MTc2OTg2MjAwNCwiaWF0IjoxNzY5Nzc1NjA0LCJqdGkiOiJkNTAyMTY3MTJjZjM0NzI2ODRmOGJhOGU2YWRlZGU0YiIsInVzZXJfaWQiOjh9.YRxn6UQ2eq0gYxwpA72h1t31MIeDYs8ZW4IyLtqR3TY	2026-01-30 12:20:04.318441+00	2026-01-31 12:20:04+00	8	d50216712cf3472684f8ba8e6adede4b
22	eyJhbGciOiJIUzI1NiIsInR5cCI6IkpXVCJ9.eyJ0b2tlbl90eXBlIjoicmVmcmVzaCIsImV4cCI6MTc2OTg2Mzc3MywiaWF0IjoxNzY5Nzc3MzczLCJqdGkiOiJiMTg4NGQyMjYwOTI0ZmQyOTYxZWQ0NDY4NzAwNmI0ZCIsInVzZXJfaWQiOjh9.tSKhKMTFRWTNC1WITNXqqO2Czx7zLOtbpksaOlwG6bg	2026-01-30 12:49:33.901315+00	2026-01-31 12:49:33+00	8	b1884d2260924fd2961ed44687006b4d
23	eyJhbGciOiJIUzI1NiIsInR5cCI6IkpXVCJ9.eyJ0b2tlbl90eXBlIjoicmVmcmVzaCIsImV4cCI6MTc2OTg2NjAzMywiaWF0IjoxNzY5Nzc5NjMzLCJqdGkiOiJjNjA0ZDY0ZGIzNmY0NGQyYmUxYjMwYjQ3YmI4YWQ1MiIsInVzZXJfaWQiOjV9.-JT2L7dei_j1Pw6-u2vQNpADbAy1n6riGUhx-z0JUkI	2026-01-30 13:27:13.995573+00	2026-01-31 13:27:13+00	5	c604d64db36f44d2be1b30b47bb8ad52
24	eyJhbGciOiJIUzI1NiIsInR5cCI6IkpXVCJ9.eyJ0b2tlbl90eXBlIjoicmVmcmVzaCIsImV4cCI6MTc2OTg2Nzg0OCwiaWF0IjoxNzY5NzgxNDQ4LCJqdGkiOiI5NDM2NDdlYjc4ZWU0MzA2YjFmYzg0MmVjNmNjMjJlYSIsInVzZXJfaWQiOjV9.cu-QMkDPRbDDZKiKcBzBQNdsQHjJdKW1UkZIxqm5yGc	\N	2026-01-31 13:57:28+00	\N	943647eb78ee4306b1fc842ec6cc22ea
25	eyJhbGciOiJIUzI1NiIsInR5cCI6IkpXVCJ9.eyJ0b2tlbl90eXBlIjoicmVmcmVzaCIsImV4cCI6MTc2OTg2NzkwNywiaWF0IjoxNzY5NzgxNTA3LCJqdGkiOiJlMTQ3NGE0MjBjZGI0MDkxYjFjNDI4MTY5NGJjYzgxMSIsInVzZXJfaWQiOjF9.gnKYicGTJaBl3PEScfdiY014PST-x1eiBEdsInozc4Y	2026-01-30 13:58:27.44424+00	2026-01-31 13:58:27+00	1	e1474a420cdb4091b1c4281694bcc811
26	eyJhbGciOiJIUzI1NiIsInR5cCI6IkpXVCJ9.eyJ0b2tlbl90eXBlIjoicmVmcmVzaCIsImV4cCI6MTc2OTg2OTc4NCwiaWF0IjoxNzY5NzgzMzg0LCJqdGkiOiI3OTNlNzc4MDVlMWY0M2MxOWUwMzIyYmUxNTA3ZjhiMSIsInVzZXJfaWQiOjF9.MvpSKoEX1vSdoOjhKcLLyx3MszduRHB8clQ-0mYFy5k	2026-01-30 14:29:44.220174+00	2026-01-31 14:29:44+00	1	793e77805e1f43c19e0322be1507f8b1
27	eyJhbGciOiJIUzI1NiIsInR5cCI6IkpXVCJ9.eyJ0b2tlbl90eXBlIjoicmVmcmVzaCIsImV4cCI6MTc2OTg2OTgzNywiaWF0IjoxNzY5NzgzNDM3LCJqdGkiOiJhYTA3NTM2ODgzZjE0NTE3OGI0YTY4OTY5NjIwZGIwNyIsInVzZXJfaWQiOjV9.fQPBK5zLmKWuOTKP91FvYyY-383LFkzdu5XsEg_aluo	2026-01-30 14:30:37.917264+00	2026-01-31 14:30:37+00	5	aa07536883f145178b4a68969620db07
28	eyJhbGciOiJIUzI1NiIsInR5cCI6IkpXVCJ9.eyJ0b2tlbl90eXBlIjoicmVmcmVzaCIsImV4cCI6MTc2OTg3MjE1NywiaWF0IjoxNzY5Nzg1NzU3LCJqdGkiOiIyMDVhOTJkNzE2NzU0NjlmOTk4MmZmYTc2MGY5MDliOSIsInVzZXJfaWQiOjV9.NPnfrLLd83kZ2ok6UhcKpZpx0LX05ywr4ZxByW8XKb8	2026-01-30 15:09:17.742852+00	2026-01-31 15:09:17+00	5	205a92d71675469f9982ffa760f909b9
29	eyJhbGciOiJIUzI1NiIsInR5cCI6IkpXVCJ9.eyJ0b2tlbl90eXBlIjoicmVmcmVzaCIsImV4cCI6MTc2OTg3MzMyNCwiaWF0IjoxNzY5Nzg2OTI0LCJqdGkiOiJjZjVlNGYyZDFhNjU0N2UzODVmNGQ3ZTA0Y2M0ODQxYiIsInVzZXJfaWQiOjV9.Ae6quLYKtNfnzMIVmHHuTU6Ic3cLwNLustYhGfBH9lo	2026-01-30 15:28:44.891923+00	2026-01-31 15:28:44+00	5	cf5e4f2d1a6547e385f4d7e04cc4841b
30	eyJhbGciOiJIUzI1NiIsInR5cCI6IkpXVCJ9.eyJ0b2tlbl90eXBlIjoicmVmcmVzaCIsImV4cCI6MTc2OTg3NDY2OCwiaWF0IjoxNzY5Nzg4MjY4LCJqdGkiOiJhYzQ2ODg1Y2Y4NDc0MGJiYWZhMjdiZTkzNTFmNGQyNSIsInVzZXJfaWQiOjF9.iEPKsEzqeC7KDFi8cRh7eFG-h8-ylX1cONyBv28fR-I	2026-01-30 15:51:08.12311+00	2026-01-31 15:51:08+00	1	ac46885cf84740bbafa27be9351f4d25
31	eyJhbGciOiJIUzI1NiIsInR5cCI6IkpXVCJ9.eyJ0b2tlbl90eXBlIjoicmVmcmVzaCIsImV4cCI6MTc2OTg3NDczMSwiaWF0IjoxNzY5Nzg4MzMxLCJqdGkiOiJmMWRmZmFmODRlMzM0MTk2OGIzY2Y2ZjMxMWI2NGM3NyIsInVzZXJfaWQiOjV9.8DZ1P5ON5Fh9XYBAi1q1_y90k5eYtFJ1SJ2D_wF7sEc	2026-01-30 15:52:11.386956+00	2026-01-31 15:52:11+00	5	f1dffaf84e3341968b3cf6f311b64c77
32	eyJhbGciOiJIUzI1NiIsInR5cCI6IkpXVCJ9.eyJ0b2tlbl90eXBlIjoicmVmcmVzaCIsImV4cCI6MTc2OTg3NjU1OSwiaWF0IjoxNzY5NzkwMTU5LCJqdGkiOiJjOTM3OTNkZWNmNzU0MzM0ODM3NjVmNzRhZmYwYzM4YiIsInVzZXJfaWQiOjF9.NKi27YRulKpx88BWsPStB3Wjirwi5jUa-t4kJ7VaDKU	2026-01-30 16:22:39.075191+00	2026-01-31 16:22:39+00	1	c93793decf75433483765f74aff0c38b
33	eyJhbGciOiJIUzI1NiIsInR5cCI6IkpXVCJ9.eyJ0b2tlbl90eXBlIjoicmVmcmVzaCIsImV4cCI6MTc2OTg3NjgxNCwiaWF0IjoxNzY5NzkwNDE0LCJqdGkiOiJhOWQ4YmExYzAzMDE0NjExYmZhZmE4OTdmZTM3YmExYyIsInVzZXJfaWQiOjV9.Fkfb2DyLmXyZn82MMIl6AhD-tk9Lqzw9CdUrY1fQJe8	2026-01-30 16:26:54.193594+00	2026-01-31 16:26:54+00	5	a9d8ba1c03014611bfafa897fe37ba1c
34	eyJhbGciOiJIUzI1NiIsInR5cCI6IkpXVCJ9.eyJ0b2tlbl90eXBlIjoicmVmcmVzaCIsImV4cCI6MTc3MDEzMjk3OCwiaWF0IjoxNzcwMDQ2NTc4LCJqdGkiOiIwNDczZjgwZDQ4ZTU0Y2JjYjEyYTM1ODQ2M2JkYzhjYiIsInVzZXJfaWQiOjF9.w6CPjGKeqnurmQm9XpZdNdZq7MCt6clUVWXNo9Ga-aE	2026-02-02 15:36:18.790038+00	2026-02-03 15:36:18+00	1	0473f80d48e54cbcb12a358463bdc8cb
35	eyJhbGciOiJIUzI1NiIsInR5cCI6IkpXVCJ9.eyJ0b2tlbl90eXBlIjoicmVmcmVzaCIsImV4cCI6MTc3MDEzMzk0NCwiaWF0IjoxNzcwMDQ3NTQ0LCJqdGkiOiI1Y2Y2M2NlYmMzZWQ0OTY0ODM3ZDI3MmIxZTg4NjJmYSIsInVzZXJfaWQiOjV9.D8H0JmClIIySfHFUhHg1CdmD8fbtOj0qt64fKUXB3XI	2026-02-02 15:52:24.80268+00	2026-02-03 15:52:24+00	5	5cf63cebc3ed4964837d272b1e8862fa
36	eyJhbGciOiJIUzI1NiIsInR5cCI6IkpXVCJ9.eyJ0b2tlbl90eXBlIjoicmVmcmVzaCIsImV4cCI6MTc3MDE0MDgwNywiaWF0IjoxNzcwMDU0NDA3LCJqdGkiOiI4NzJkNGEwY2U3NmU0NzdhODBkN2UzYjIxNGZmODk3YyIsInVzZXJfaWQiOjV9.w-wNoyraNeft-E34BNfojrUlf5kt3h2xlqa6iCuh-uo	2026-02-02 17:46:47.947831+00	2026-02-03 17:46:47+00	5	872d4a0ce76e477a80d7e3b214ff897c
37	eyJhbGciOiJIUzI1NiIsInR5cCI6IkpXVCJ9.eyJ0b2tlbl90eXBlIjoicmVmcmVzaCIsImV4cCI6MTc3MDE0MzI4MCwiaWF0IjoxNzcwMDU2ODgwLCJqdGkiOiI4NjIwYWI2ZTI1YTc0OGU3YjVlZWNiMDQwOTQ1YzZmMyIsInVzZXJfaWQiOjV9.GT5-BSVsUE8A_1OQzyR1dxeb6qGlVgjRVGsDLBrM2tE	\N	2026-02-03 18:28:00+00	\N	8620ab6e25a748e7b5eecb040945c6f3
39	eyJhbGciOiJIUzI1NiIsInR5cCI6IkpXVCJ9.eyJ0b2tlbl90eXBlIjoicmVmcmVzaCIsImV4cCI6MTc3MDE0MzMzMywiaWF0IjoxNzcwMDU2OTMzLCJqdGkiOiIxN2JmNjkxY2RjN2U0ODJlYWQ0NzQwOGYzZTRmMzE1ZSIsInVzZXJfaWQiOjV9.a5GtshBJfkiuZo3IdlBfCaFIKBQGFlNFPg1t8qm2cR0	2026-02-02 18:28:53.382576+00	2026-02-03 18:28:53+00	5	17bf691cdc7e482ead47408f3e4f315e
40	eyJhbGciOiJIUzI1NiIsInR5cCI6IkpXVCJ9.eyJ0b2tlbl90eXBlIjoicmVmcmVzaCIsImV4cCI6MTc3MDI5ODIyOSwiaWF0IjoxNzcwMjExODI5LCJqdGkiOiIzZjZmZWJjODJiOTA0NWJkYjA3YjA3MWIwZGRiNDVkMSIsInVzZXJfaWQiOjV9.76PdFuvZAWC-TRl0BFo-9aslFUsZWFdUaGjrb8kYsPU	2026-02-04 13:30:29.010414+00	2026-02-05 13:30:29+00	5	3f6febc82b9045bdb07b071b0ddb45d1
41	eyJhbGciOiJIUzI1NiIsInR5cCI6IkpXVCJ9.eyJ0b2tlbl90eXBlIjoicmVmcmVzaCIsImV4cCI6MTc3MDMwMDczOSwiaWF0IjoxNzcwMjE0MzM5LCJqdGkiOiIwODMzYjYwN2M1MjE0YTc5OTQ5Njg3ZTVkZTZjNjIxNCIsInVzZXJfaWQiOjV9.d11nMu4IYxnzjoBtgMF5b45uSmQKLtYAYf9EuyfepCY	\N	2026-02-05 14:12:19+00	\N	0833b607c5214a79949687e5de6c6214
45	eyJhbGciOiJIUzI1NiIsInR5cCI6IkpXVCJ9.eyJ0b2tlbl90eXBlIjoicmVmcmVzaCIsImV4cCI6MTc3MDMwMjcwMSwiaWF0IjoxNzcwMjE2MzAxLCJqdGkiOiI1N2VhMmFlNzQzNDY0NGFiYjQ4OTMyN2Y0ZmU0MmRjNiIsInVzZXJfaWQiOjF9.7XNDkKolHgbTDVy5_iP5kRbkahzwknEMXFIR3exvMBk	2026-02-04 14:45:01.57951+00	2026-02-05 14:45:01+00	1	57ea2ae7434644abb489327f4fe42dc6
46	eyJhbGciOiJIUzI1NiIsInR5cCI6IkpXVCJ9.eyJ0b2tlbl90eXBlIjoicmVmcmVzaCIsImV4cCI6MTc3MDMwMzEzMywiaWF0IjoxNzcwMjE2NzMzLCJqdGkiOiI5NjZhNWEyMDRjM2E0ZTMyOTE0ZjM3MTYwZDAwOWY3MiIsInVzZXJfaWQiOjV9.iYobR1FnH9lA4hsnKEvtzIwLeoMS0E7AmigZZ1U6m-o	2026-02-04 14:52:13.746127+00	2026-02-05 14:52:13+00	5	966a5a204c3a4e32914f37160d009f72
47	eyJhbGciOiJIUzI1NiIsInR5cCI6IkpXVCJ9.eyJ0b2tlbl90eXBlIjoicmVmcmVzaCIsImV4cCI6MTc3MDMwNjUyNiwiaWF0IjoxNzcwMjIwMTI2LCJqdGkiOiJhYWQ4NDNhMGU0ODI0ZGM5ODc5MjcwNjVhZjY3ZjNhZSIsInVzZXJfaWQiOjV9.9tUi_oPVPraJhcwBGcv0IWHfoPosNO_zaXtPYLlonzg	2026-02-04 15:48:46.680766+00	2026-02-05 15:48:46+00	5	aad843a0e4824dc987927065af67f3ae
48	eyJhbGciOiJIUzI1NiIsInR5cCI6IkpXVCJ9.eyJ0b2tlbl90eXBlIjoicmVmcmVzaCIsImV4cCI6MTc3MDMwNjk5NSwiaWF0IjoxNzcwMjIwNTk1LCJqdGkiOiI3Y2QyMzhlZDBkYjE0NDJjOTU3OTEwNzRmZGU1OTcyMSIsInVzZXJfaWQiOjF9.niY0Vf7gIjTFHl8SMzgM3MSo3m-fiCMhSNIKbA7qxFc	2026-02-04 15:56:35.856948+00	2026-02-05 15:56:35+00	1	7cd238ed0db1442c95791074fde59721
49	eyJhbGciOiJIUzI1NiIsInR5cCI6IkpXVCJ9.eyJ0b2tlbl90eXBlIjoicmVmcmVzaCIsImV4cCI6MTc3MDMwODgyNSwiaWF0IjoxNzcwMjIyNDI1LCJqdGkiOiI2MDM5YzBhYjhjYmY0ODg4Yjk5MWVlY2YyODlkY2Y2ZiIsInVzZXJfaWQiOjF9.f-XSBf3eHNko-9iLOuR49wWLl203rhdNiy8hU_OhqBo	2026-02-04 16:27:05.114155+00	2026-02-05 16:27:05+00	1	6039c0ab8cbf4888b991eecf289dcf6f
50	eyJhbGciOiJIUzI1NiIsInR5cCI6IkpXVCJ9.eyJ0b2tlbl90eXBlIjoicmVmcmVzaCIsImV4cCI6MTc3MDMwOTQ1MSwiaWF0IjoxNzcwMjIzMDUxLCJqdGkiOiI4ODFjMTg4ZjU3MTY0OWE4OGNhMDYyNDBiZjcxMWRmYiIsInVzZXJfaWQiOjV9.i3f3SM03KRK32FD6a-5a7sS9tBVKCkLCX4Pw_dWpGSY	2026-02-04 16:37:31.549229+00	2026-02-05 16:37:31+00	5	881c188f571649a88ca06240bf711dfb
51	eyJhbGciOiJIUzI1NiIsInR5cCI6IkpXVCJ9.eyJ0b2tlbl90eXBlIjoicmVmcmVzaCIsImV4cCI6MTc3MDMyMjQ3NiwiaWF0IjoxNzcwMjM2MDc2LCJqdGkiOiI4ZDdiNmRjMTRkZmE0M2IxOWY2NDU2MzM5ZDc5ZWQ5YyIsInVzZXJfaWQiOjV9.uJXc3myVjzaspmox0IQhzxY5LfnG5pFuWahyg6k9L_I	2026-02-04 20:14:36.258764+00	2026-02-05 20:14:36+00	5	8d7b6dc14dfa43b19f6456339d79ed9c
52	eyJhbGciOiJIUzI1NiIsInR5cCI6IkpXVCJ9.eyJ0b2tlbl90eXBlIjoicmVmcmVzaCIsImV4cCI6MTc3MDMyMjY3MywiaWF0IjoxNzcwMjM2MjczLCJqdGkiOiJlYzU2YmYyMzNkNGM0NDI4YjE5ZjVjNWRlNWY3YTgwOSIsInVzZXJfaWQiOjF9.prBmGW7c_PMsc-WYVJ1zYhDAHLWvpJD8xk1guAL4oEM	2026-02-04 20:17:53.017677+00	2026-02-05 20:17:53+00	1	ec56bf233d4c4428b19f5c5de5f7a809
56	eyJhbGciOiJIUzI1NiIsInR5cCI6IkpXVCJ9.eyJ0b2tlbl90eXBlIjoicmVmcmVzaCIsImV4cCI6MTc3MDMyNDYzMSwiaWF0IjoxNzcwMjM4MjMxLCJqdGkiOiI0NzJhZDliODE2YzU0NGE0YTMwNDQ1OGQxYWFjMDJhMCIsInVzZXJfaWQiOjF9._gzE-T98ur1CwgN2UK_OBZ9R7Hx3X6qzHquOaTwhkPA	\N	2026-02-05 20:50:31+00	\N	472ad9b816c544a4a304458d1aac02a0
57	eyJhbGciOiJIUzI1NiIsInR5cCI6IkpXVCJ9.eyJ0b2tlbl90eXBlIjoicmVmcmVzaCIsImV4cCI6MTc3MDM4NjE5NCwiaWF0IjoxNzcwMjk5Nzk0LCJqdGkiOiJmY2U0ZWFmYWMzNzc0NmVkOGUzZjZmMDUxOGMyMzZjYyIsInVzZXJfaWQiOjV9.sCFvtR4ByfvrSoqYag3sCuytD9hqB8kS-y5ASAwvSLU	2026-02-05 13:56:34.729919+00	2026-02-06 13:56:34+00	5	fce4eafac37746ed8e3f6f0518c236cc
58	eyJhbGciOiJIUzI1NiIsInR5cCI6IkpXVCJ9.eyJ0b2tlbl90eXBlIjoicmVmcmVzaCIsImV4cCI6MTc3MDM4OTI0MiwiaWF0IjoxNzcwMzAyODQyLCJqdGkiOiI0ZjYzOTFlNjU3ZDY0OTY5YWI0NWU1NDk4YzFiZjVjYSIsInVzZXJfaWQiOjV9.QD5QG2AAX7Hhu5vTJRt-yjyzpeihHnfRfvh1g_XH_Vw	\N	2026-02-06 14:47:22+00	\N	4f6391e657d64969ab45e5498c1bf5ca
59	eyJhbGciOiJIUzI1NiIsInR5cCI6IkpXVCJ9.eyJ0b2tlbl90eXBlIjoicmVmcmVzaCIsImV4cCI6MTc3MDM4OTQyOSwiaWF0IjoxNzcwMzAzMDI5LCJqdGkiOiIxOGY0ZjAyOGRmYTQ0ZDAzODI2NjNjZTdhMWRhZTVkZCIsInVzZXJfaWQiOjV9.aq_lDsuU-0FMU0mSsw_bE6aG6Z0bh0HhIAtc1R24VUA	2026-02-05 14:50:29.945186+00	2026-02-06 14:50:29+00	5	18f4f028dfa44d0382663ce7a1dae5dd
60	eyJhbGciOiJIUzI1NiIsInR5cCI6IkpXVCJ9.eyJ0b2tlbl90eXBlIjoicmVmcmVzaCIsImV4cCI6MTc3MDM5MjQ2MCwiaWF0IjoxNzcwMzA2MDYwLCJqdGkiOiIzNTI3NzYxNjk4ZDg0OGQyODlkNjQyZWFhMWU0OWJlMSIsInVzZXJfaWQiOjF9.-x7_XWXGMuI2Ow3xSnFcFfa4sEtBRCnLQr3XVvjlZeY	2026-02-05 15:41:00.972903+00	2026-02-06 15:41:00+00	1	3527761698d848d289d642eaa1e49be1
61	eyJhbGciOiJIUzI1NiIsInR5cCI6IkpXVCJ9.eyJ0b2tlbl90eXBlIjoicmVmcmVzaCIsImV4cCI6MTc3MDM5MzE3NSwiaWF0IjoxNzcwMzA2Nzc1LCJqdGkiOiJlYTU2YzhlY2QwN2E0MmQyOTQxNmJiZjk0ZDc0ODg3NSIsInVzZXJfaWQiOjV9.0UJzvXKTWOOUaV1rdD3DhAS4ne4-V67d8IUVMWcvAFs	2026-02-05 15:52:55.347364+00	2026-02-06 15:52:55+00	5	ea56c8ecd07a42d29416bbf94d748875
62	eyJhbGciOiJIUzI1NiIsInR5cCI6IkpXVCJ9.eyJ0b2tlbl90eXBlIjoicmVmcmVzaCIsImV4cCI6MTc3MDM5NDUzNCwiaWF0IjoxNzcwMzA4MTM0LCJqdGkiOiI0ZWI2NWYyODFlOGM0NmNjYTk5YWViNjk4ZjlmNWUxOCIsInVzZXJfaWQiOjV9.BG5-dxo7LSQCysf1CK4WkH1nkQgqp_CfiwQMRN_MdXM	2026-02-05 16:15:34.602169+00	2026-02-06 16:15:34+00	5	4eb65f281e8c46cca99aeb698f9f5e18
63	eyJhbGciOiJIUzI1NiIsInR5cCI6IkpXVCJ9.eyJ0b2tlbl90eXBlIjoicmVmcmVzaCIsImV4cCI6MTc3MDM5NTE2OCwiaWF0IjoxNzcwMzA4NzY4LCJqdGkiOiJjYTYyY2UwYzliYTg0MDBmODhhZmVkNmI2OGU3Yjk0YyIsInVzZXJfaWQiOjV9.RxKVbrBI3ZXyCa1a83vS7T8j4uYEGsTIFMvEwgxB_II	2026-02-05 16:26:08.075616+00	2026-02-06 16:26:08+00	5	ca62ce0c9ba8400f88afed6b68e7b94c
64	eyJhbGciOiJIUzI1NiIsInR5cCI6IkpXVCJ9.eyJ0b2tlbl90eXBlIjoicmVmcmVzaCIsImV4cCI6MTc3MDM5NzczNywiaWF0IjoxNzcwMzExMzM3LCJqdGkiOiI5MmQwZTVkNGQzOGI0ZDdjYmE5ZjEzYzM5NmEyMWNlYyIsInVzZXJfaWQiOjV9.SO-A3YMjdYWWaKLNnf1F2Z2GOpvu9jQmoLfJpJtbssk	\N	2026-02-06 17:08:57+00	\N	92d0e5d4d38b4d7cba9f13c396a21cec
66	eyJhbGciOiJIUzI1NiIsInR5cCI6IkpXVCJ9.eyJ0b2tlbl90eXBlIjoicmVmcmVzaCIsImV4cCI6MTc3MDM5NzczOCwiaWF0IjoxNzcwMzExMzM4LCJqdGkiOiJiYTA2MDExZTZlMzI0ZDkzYTU2NDNjYWJhZGIxNTA4MiIsInVzZXJfaWQiOjV9.TC1p8La0h-MoC1TM0kE4aIAs1BwX0KrdIm1c2kmlOlc	\N	2026-02-06 17:08:58+00	\N	ba06011e6e324d93a5643cabadb15082
68	eyJhbGciOiJIUzI1NiIsInR5cCI6IkpXVCJ9.eyJ0b2tlbl90eXBlIjoicmVmcmVzaCIsImV4cCI6MTc3MDQwNzY5MCwiaWF0IjoxNzcwMzIxMjkwLCJqdGkiOiI4M2ZhOGM4ZWM1MmY0NDEzOTkzZjNjNzU1ZTAwZDY4YSIsInVzZXJfaWQiOjV9.O0P4Kl1pgT7JYuSCWatHjyszUAiUz4v37e5AYJWIMe8	2026-02-05 19:54:50.78902+00	2026-02-06 19:54:50+00	5	83fa8c8ec52f4413993f3c755e00d68a
69	eyJhbGciOiJIUzI1NiIsInR5cCI6IkpXVCJ9.eyJ0b2tlbl90eXBlIjoicmVmcmVzaCIsImV4cCI6MTc3MDQwOTcxMiwiaWF0IjoxNzcwMzIzMzEyLCJqdGkiOiJkZjk2MGM1MWJmMmY0NTIwYTg2ZjU1MjBhODQ3ODUzYSIsInVzZXJfaWQiOjV9.aqadL_dLQdhG54iPUTkRfH9DXe-jJSQ8N0ZSiEvtn2k	\N	2026-02-06 20:28:32+00	\N	df960c51bf2f4520a86f5520a847853a
70	eyJhbGciOiJIUzI1NiIsInR5cCI6IkpXVCJ9.eyJ0b2tlbl90eXBlIjoicmVmcmVzaCIsImV4cCI6MTc3MDQwOTczNCwiaWF0IjoxNzcwMzIzMzM0LCJqdGkiOiI4ZmI0MjM4NzdiZDc0MWNkOThjN2M5NzAxNmY4ZjA0OCIsInVzZXJfaWQiOjV9.p6IH0hHYKF15lugm8s1u1FmJE7H58JSNpRQ1vuJcPx0	2026-02-05 20:28:54.264872+00	2026-02-06 20:28:54+00	5	8fb423877bd741cd98c7c97016f8f048
71	eyJhbGciOiJIUzI1NiIsInR5cCI6IkpXVCJ9.eyJ0b2tlbl90eXBlIjoicmVmcmVzaCIsImV4cCI6MTc3MDQxMTcxMSwiaWF0IjoxNzcwMzI1MzExLCJqdGkiOiI3YzNkYjBhZDVjOGI0NWI4OWYyNmEwNTE4MzkyYTA0NCIsInVzZXJfaWQiOjV9.6_7TEDjZ0yY39ydHCxpH2hK3CGWaUDBfZDhfyMagxj4	\N	2026-02-06 21:01:51+00	\N	7c3db0ad5c8b45b89f26a0518392a044
73	eyJhbGciOiJIUzI1NiIsInR5cCI6IkpXVCJ9.eyJ0b2tlbl90eXBlIjoicmVmcmVzaCIsImV4cCI6MTc3MDQ4MzIxNywiaWF0IjoxNzcwMzk2ODE3LCJqdGkiOiIwZWU3NTc1MmJiZmI0ZTkyYWVmMDZiMDU5ODg4NTFlZSIsInVzZXJfaWQiOjV9.1gRiH4h_t6BmTH_31ix3exYdNW0kVTJ4Bgg13_bfr_M	\N	2026-02-07 16:53:37+00	\N	0ee75752bbfb4e92aef06b05988851ee
74	eyJhbGciOiJIUzI1NiIsInR5cCI6IkpXVCJ9.eyJ0b2tlbl90eXBlIjoicmVmcmVzaCIsImV4cCI6MTc3MDQ4MzM2NSwiaWF0IjoxNzcwMzk2OTY1LCJqdGkiOiJmYjg5YmUwYTNjYzc0MTgwOTk4Mzk0Mzk1ZTNhZTc5NCIsInVzZXJfaWQiOjV9.ldEFbyD6CHzFZWQXrrSo2Gw0XoiYN-ADQoVO7kwJJKQ	2026-02-06 16:56:05.166873+00	2026-02-07 16:56:05+00	5	fb89be0a3cc74180998394395e3ae794
75	eyJhbGciOiJIUzI1NiIsInR5cCI6IkpXVCJ9.eyJ0b2tlbl90eXBlIjoicmVmcmVzaCIsImV4cCI6MTc3MDQ5OTM1OSwiaWF0IjoxNzcwNDEyOTU5LCJqdGkiOiI1YTE2YTVlNjFiNWI0MzE3ODNmYTYzZGI5YTkzZTFkYyIsInVzZXJfaWQiOjV9.KrMfMcLjxr8XzvgFmDyity3Ohlvz252pm11mVn-lHoU	\N	2026-02-07 21:22:39+00	\N	5a16a5e61b5b431783fa63db9a93e1dc
77	eyJhbGciOiJIUzI1NiIsInR5cCI6IkpXVCJ9.eyJ0b2tlbl90eXBlIjoicmVmcmVzaCIsImV4cCI6MTc3MDUwMTc5NSwiaWF0IjoxNzcwNDE1Mzk1LCJqdGkiOiJlZjIyNDZlZDA4Zjc0YjY1ODRmNmI1ZmRjZWYwNTk0MyIsInVzZXJfaWQiOjV9.Y-shiXc1zzM5aBqgM8_gWO-xrqQ_jQqkrfQcUaqIHkg	\N	2026-02-07 22:03:15+00	\N	ef2246ed08f74b6584f6b5fdcef05943
78	eyJhbGciOiJIUzI1NiIsInR5cCI6IkpXVCJ9.eyJ0b2tlbl90eXBlIjoicmVmcmVzaCIsImV4cCI6MTc3MDUyNTYxMCwiaWF0IjoxNzcwNDM5MjEwLCJqdGkiOiI1Zjk1YmM2OTRhYjg0Y2YzYmNjYWFhZDk0ZWZlNDQwNSIsInVzZXJfaWQiOjV9.B77lJ2AOuKuwNVheBCgKvdJdbNugzCHfx2xQG0PNp-s	\N	2026-02-08 04:40:10+00	\N	5f95bc694ab84cf3bccaaad94efe4405
80	eyJhbGciOiJIUzI1NiIsInR5cCI6IkpXVCJ9.eyJ0b2tlbl90eXBlIjoicmVmcmVzaCIsImV4cCI6MTc3MDU0Nzg1MSwiaWF0IjoxNzcwNDYxNDUxLCJqdGkiOiJiNmU1NmM3ZGMzOGE0MzM0ODViMzIxOTNiOTRmZDhmMCIsInVzZXJfaWQiOjV9.HkmUZfjTlzXPK4XjMblHwR9VLICpEROIrkkVAyPdIFo	\N	2026-02-08 10:50:51+00	\N	b6e56c7dc38a433485b32193b94fd8f0
81	eyJhbGciOiJIUzI1NiIsInR5cCI6IkpXVCJ9.eyJ0b2tlbl90eXBlIjoicmVmcmVzaCIsImV4cCI6MTc3MDU2MTkzNiwiaWF0IjoxNzcwNDc1NTM2LCJqdGkiOiIxNzQ2ZTQ4MDE3MmI0MTJlYTgxNjI3NzAzNzQxMGQwNSIsInVzZXJfaWQiOjV9.hs0O6c4ISbYPrNrkzoqghuAWD5DmN4JOWvPBsMro5ZE	2026-02-07 14:45:36.624457+00	2026-02-08 14:45:36+00	5	1746e480172b412ea816277037410d05
82	eyJhbGciOiJIUzI1NiIsInR5cCI6IkpXVCJ9.eyJ0b2tlbl90eXBlIjoicmVmcmVzaCIsImV4cCI6MTc3MDU2NDQ5NiwiaWF0IjoxNzcwNDc4MDk2LCJqdGkiOiJmMzg1ZWViOWU4ZGQ0YzgyODg3MWMwMjU1ZWM2ZjNhMyIsInVzZXJfaWQiOjF9.48Xdcl99hMO40ye0dH-ErRZ7EEyJ0sVhCh0HYoeOgo8	2026-02-07 15:28:16.225272+00	2026-02-08 15:28:16+00	1	f385eeb9e8dd4c828871c0255ec6f3a3
83	eyJhbGciOiJIUzI1NiIsInR5cCI6IkpXVCJ9.eyJ0b2tlbl90eXBlIjoicmVmcmVzaCIsImV4cCI6MTc3MDU2NTY0NiwiaWF0IjoxNzcwNDc5MjQ2LCJqdGkiOiJhOTA4N2RhNzAzZjQ0NmMyOTc4M2FkNTFhOTI4OWIxYSIsInVzZXJfaWQiOjF9.ZUTNISapijKcOjYQytMjLK1yIXeR0fCneunHD2PK99k	2026-02-07 15:47:26.918563+00	2026-02-08 15:47:26+00	1	a9087da703f446c29783ad51a9289b1a
84	eyJhbGciOiJIUzI1NiIsInR5cCI6IkpXVCJ9.eyJ0b2tlbl90eXBlIjoicmVmcmVzaCIsImV4cCI6MTc3MDU2NjY0MCwiaWF0IjoxNzcwNDgwMjQwLCJqdGkiOiIxODM0MjM2ZTJlYTE0ZDk0ODkwYmRkMTE3NDg1ZjE2ZiIsInVzZXJfaWQiOjF9.qJI1Fq2k10_naCgB02X3kPybAlYc2ZgUgkVt3k33KAI	2026-02-07 16:04:00.522502+00	2026-02-08 16:04:00+00	1	1834236e2ea14d94890bdd117485f16f
85	eyJhbGciOiJIUzI1NiIsInR5cCI6IkpXVCJ9.eyJ0b2tlbl90eXBlIjoicmVmcmVzaCIsImV4cCI6MTc3MDU2Njk0MiwiaWF0IjoxNzcwNDgwNTQyLCJqdGkiOiI5ODIwZDU3MTYwOWY0MjhkYmM4YzhiZTg3YTQyYTAyMCIsInVzZXJfaWQiOjF9.r4liGcSp8VY5ceJC2im6v69NSNK9HGHZ8PwTeFad7Hw	2026-02-07 16:09:02.849161+00	2026-02-08 16:09:02+00	1	9820d571609f428dbc8c8be87a42a020
86	eyJhbGciOiJIUzI1NiIsInR5cCI6IkpXVCJ9.eyJ0b2tlbl90eXBlIjoicmVmcmVzaCIsImV4cCI6MTc3MDU2NzE1MCwiaWF0IjoxNzcwNDgwNzUwLCJqdGkiOiJiODNlZWU2ZDBkNWE0N2Q1Yjk4ODRhNDcyOWUyNGM0NSIsInVzZXJfaWQiOjF9.BkXzxQLiyZWOa5UJtYc0nVpiqmxggUVFdfccsLoPBYA	2026-02-07 16:12:30.419728+00	2026-02-08 16:12:30+00	1	b83eee6d0d5a47d5b9884a4729e24c45
87	eyJhbGciOiJIUzI1NiIsInR5cCI6IkpXVCJ9.eyJ0b2tlbl90eXBlIjoicmVmcmVzaCIsImV4cCI6MTc3MDU2NzkwNCwiaWF0IjoxNzcwNDgxNTA0LCJqdGkiOiJiNTI5ZTZhM2VjYjA0ZmNlOGZmMTJkOGRiZThjMzFlNiIsInVzZXJfaWQiOjF9.xMVl0v2YZI2SnD_fa6BnTbty9JGkyvfGxL5WSH6lqMM	2026-02-07 16:25:04.67597+00	2026-02-08 16:25:04+00	1	b529e6a3ecb04fce8ff12d8dbe8c31e6
88	eyJhbGciOiJIUzI1NiIsInR5cCI6IkpXVCJ9.eyJ0b2tlbl90eXBlIjoicmVmcmVzaCIsImV4cCI6MTc3MDU2ODc3NSwiaWF0IjoxNzcwNDgyMzc1LCJqdGkiOiI4OTQ0MWI5MGEyNWM0ZTczOGE4NDkxMWIyZTc1MTQ0MCIsInVzZXJfaWQiOjF9.CTJ2kjAYQzF2BvN4Mwc052enSmfLLIPvL53-zFJD-js	2026-02-07 16:39:35.354204+00	2026-02-08 16:39:35+00	1	89441b90a25c4e738a84911b2e751440
89	eyJhbGciOiJIUzI1NiIsInR5cCI6IkpXVCJ9.eyJ0b2tlbl90eXBlIjoicmVmcmVzaCIsImV4cCI6MTc3MDU2OTA1NCwiaWF0IjoxNzcwNDgyNjU0LCJqdGkiOiI2YzIyZTlkNDVjMDY0YzE0OWQwOGQ0YTk0MDA0Zjk5NCIsInVzZXJfaWQiOjF9.fAyc-yLT2bwVuCv6KMUO9_crnxAIOWK0xNYzSPGGcZY	2026-02-07 16:44:14.794476+00	2026-02-08 16:44:14+00	1	6c22e9d45c064c149d08d4a94004f994
90	eyJhbGciOiJIUzI1NiIsInR5cCI6IkpXVCJ9.eyJ0b2tlbl90eXBlIjoicmVmcmVzaCIsImV4cCI6MTc3MDU2OTM0MiwiaWF0IjoxNzcwNDgyOTQyLCJqdGkiOiI2YmQ0ZjY0OWNmMGU0ZjY4OTZhZWI0M2YzYjVhMWExNiIsInVzZXJfaWQiOjF9.ZMUn5VxpkqrB3OyZ03BaqMzMDjhZqO8WbZIzjieseh8	2026-02-07 16:49:02.014395+00	2026-02-08 16:49:02+00	1	6bd4f649cf0e4f6896aeb43f3b5a1a16
91	eyJhbGciOiJIUzI1NiIsInR5cCI6IkpXVCJ9.eyJ0b2tlbl90eXBlIjoicmVmcmVzaCIsImV4cCI6MTc3MDU3MzU4OCwiaWF0IjoxNzcwNDg3MTg4LCJqdGkiOiI5M2NiOTY4NDA4NmQ0OGVmYjFlOTJkNTc4ODFlNWM1YSIsInVzZXJfaWQiOjF9.Ew4QpWoRZrU539-h6PvA3VVLJ0FxAaoCBc19aOhCoRw	2026-02-07 17:59:48.752086+00	2026-02-08 17:59:48+00	1	93cb9684086d48efb1e92d57881e5c5a
92	eyJhbGciOiJIUzI1NiIsInR5cCI6IkpXVCJ9.eyJ0b2tlbl90eXBlIjoicmVmcmVzaCIsImV4cCI6MTc3MDU3Njk2OCwiaWF0IjoxNzcwNDkwNTY4LCJqdGkiOiI0ODNjNWQ4OWM4MzQ0Y2I5OTdhMWRiZDFjY2NkMGNiMiIsInVzZXJfaWQiOjF9.hcklyupNMS5IGln4c2b_1wyHJLO4qH6t9TfY8dZfrp8	2026-02-07 18:56:08.999968+00	2026-02-08 18:56:08+00	1	483c5d89c8344cb997a1dbd1cccd0cb2
93	eyJhbGciOiJIUzI1NiIsInR5cCI6IkpXVCJ9.eyJ0b2tlbl90eXBlIjoicmVmcmVzaCIsImV4cCI6MTc3MDU3ODE1MywiaWF0IjoxNzcwNDkxNzUzLCJqdGkiOiJiODBhM2NiZGZkNTY0OWE2OTBhNjIyZjY4YjIyMjA3OSIsInVzZXJfaWQiOjV9.ZIyw1uonukYgqtJOdpjdiBx03fmYEjrwdDEJ7c8BKHM	2026-02-07 19:15:53.301742+00	2026-02-08 19:15:53+00	5	b80a3cbdfd5649a690a622f68b222079
94	eyJhbGciOiJIUzI1NiIsInR5cCI6IkpXVCJ9.eyJ0b2tlbl90eXBlIjoicmVmcmVzaCIsImV4cCI6MTc3MDU4ODY4OCwiaWF0IjoxNzcwNTAyMjg4LCJqdGkiOiJkNGI4YzUxNTBmMWY0ZWQ2ODdiYzY4MGE0ZGI5OWI0MCIsInVzZXJfaWQiOjV9.6ccJftuJYGT4g2l5DkIr3OooB_hCDdpYB4rsLQLB5BA	\N	2026-02-08 22:11:28+00	\N	d4b8c5150f1f4ed687bc680a4db99b40
95	eyJhbGciOiJIUzI1NiIsInR5cCI6IkpXVCJ9.eyJ0b2tlbl90eXBlIjoicmVmcmVzaCIsImV4cCI6MTc3MDYzMDg0MCwiaWF0IjoxNzcwNTQ0NDQwLCJqdGkiOiI3ZDcwNWZhMmYzZTM0MjRjOTNjMjc4ZGJhZWRmYjY2NCIsInVzZXJfaWQiOjV9.eKdAKcD_tKZuvonpzeGb5-lcLDEtsIyYgLWQsSbiqyc	\N	2026-02-09 09:54:00+00	\N	7d705fa2f3e3424c93c278dbaedfb664
96	eyJhbGciOiJIUzI1NiIsInR5cCI6IkpXVCJ9.eyJ0b2tlbl90eXBlIjoicmVmcmVzaCIsImV4cCI6MTc3MDYzMTk4MCwiaWF0IjoxNzcwNTQ1NTgwLCJqdGkiOiJkNjk3MGE1MTBlZTY0ZTUzOTliNTA3YjA1ZWU3NDk1ZSIsInVzZXJfaWQiOjl9.RibjSkzUEYizUvLCGBtIm4l32_TsXrhdhLU4oRnd7IU	2026-02-08 10:13:00.996096+00	2026-02-09 10:13:00+00	9	d6970a510ee64e5399b507b05ee7495e
97	eyJhbGciOiJIUzI1NiIsInR5cCI6IkpXVCJ9.eyJ0b2tlbl90eXBlIjoicmVmcmVzaCIsImV4cCI6MTc3MDYzMTk4MCwiaWF0IjoxNzcwNTQ1NTgwLCJqdGkiOiJiNGI1YTJmYmEyMzE0MDg2YWM3OWJkMjM1OTkxYjVjZiIsInVzZXJfaWQiOjl9.y8blJjowQK5JUIjcZXxUMnef0scN9Ts1FC8_carH1uU	2026-02-08 10:13:00.991339+00	2026-02-09 10:13:00+00	9	b4b5a2fba2314086ac79bd235991b5cf
98	eyJhbGciOiJIUzI1NiIsInR5cCI6IkpXVCJ9.eyJ0b2tlbl90eXBlIjoicmVmcmVzaCIsImV4cCI6MTc3MDY2MDA0MywiaWF0IjoxNzcwNTczNjQzLCJqdGkiOiI0YjFlYmZhZTUyOTc0MGI0ODYwYjY5N2E0N2JiZmU2MCIsInVzZXJfaWQiOjF9._xOyZ8tEjbIWzPWLWFJaHN7Gm-Gncv0ltdZ0fCNKcoU	2026-02-08 18:00:43.006047+00	2026-02-09 18:00:43+00	1	4b1ebfae529740b4860b697a47bbfe60
99	eyJhbGciOiJIUzI1NiIsInR5cCI6IkpXVCJ9.eyJ0b2tlbl90eXBlIjoicmVmcmVzaCIsImV4cCI6MTc3MDY2MDQ1NSwiaWF0IjoxNzcwNTc0MDU1LCJqdGkiOiI3MmNkODc2MTZjZmI0ZDZmYTk3NzkzZGQyMmE1M2RlYiIsInVzZXJfaWQiOjV9.ZRGPsQb5f-x7tGslOTImy8zLbD2ZXKHZQXQKzwRsb6Y	2026-02-08 18:07:35.865219+00	2026-02-09 18:07:35+00	5	72cd87616cfb4d6fa97793dd22a53deb
100	eyJhbGciOiJIUzI1NiIsInR5cCI6IkpXVCJ9.eyJ0b2tlbl90eXBlIjoicmVmcmVzaCIsImV4cCI6MTc3MDY2Mzc1OSwiaWF0IjoxNzcwNTc3MzU5LCJqdGkiOiI0NzRiYzhjNzgyN2Y0MWVmOWViNGI0YmU4NDYwMzBmMiIsInVzZXJfaWQiOjV9.p9l_JAePLCRn5dYGplbtfZD8__N24CV-Xf9RdRnusko	\N	2026-02-09 19:02:39+00	\N	474bc8c7827f41ef9eb4b4be846030f2
101	eyJhbGciOiJIUzI1NiIsInR5cCI6IkpXVCJ9.eyJ0b2tlbl90eXBlIjoicmVmcmVzaCIsImV4cCI6MTc3MDY2OTQzMiwiaWF0IjoxNzcwNTgzMDMyLCJqdGkiOiI4MzEyNTNjNDMxZWY0MDI1OGFiODM0MDhiMTExNmFjMCIsInVzZXJfaWQiOjV9.Kbe5JzTfWIvm8FwwMjeCf_r0VS-x8MgmYoZiSYAuyas	2026-02-08 20:37:12.889789+00	2026-02-09 20:37:12+00	5	831253c431ef40258ab83408b1116ac0
102	eyJhbGciOiJIUzI1NiIsInR5cCI6IkpXVCJ9.eyJ0b2tlbl90eXBlIjoicmVmcmVzaCIsImV4cCI6MTc3MDY2ODk1NCwiaWF0IjoxNzcwNTgyNTU0LCJqdGkiOiIwNGJjYTQ1NTk2ZDE0YWFlYjU3ZTg1NzhkNTcxNWQzMSIsInVzZXJfaWQiOjV9.Sby2LPEQMd9vJ9Zphv3BS7wn6EiHvZ6f7Be6KQh9WqE	\N	2026-02-09 20:29:14+00	\N	04bca45596d14aaeb57e8578d5715d31
104	eyJhbGciOiJIUzI1NiIsInR5cCI6IkpXVCJ9.eyJ0b2tlbl90eXBlIjoicmVmcmVzaCIsImV4cCI6MTc3MDczNDkzMiwiaWF0IjoxNzcwNjQ4NTMyLCJqdGkiOiI1ODY2MGIyNWM0MGU0NzU1OTdmMzE1Mzk0ODhhZDYxOCIsInVzZXJfaWQiOjV9.I2VMKyH0PBhQ9QlVUao7hiiN3_Ats1NQKRlNmfRwueE	\N	2026-02-10 14:48:52+00	\N	58660b25c40e475597f31539488ad618
105	eyJhbGciOiJIUzI1NiIsInR5cCI6IkpXVCJ9.eyJ0b2tlbl90eXBlIjoicmVmcmVzaCIsImV4cCI6MTc3MDc1MzA2NiwiaWF0IjoxNzcwNjY2NjY2LCJqdGkiOiJhODIwY2QyMDFlODI0NWViOTZjMmU4YTI5OTJlMjQ4MyIsInVzZXJfaWQiOjV9.ahR5FhS08NyyeNrovGGWQuNlDe7SWc_cvjwepyVYMR0	\N	2026-02-10 19:51:06+00	\N	a820cd201e8245eb96c2e8a2992e2483
106	eyJhbGciOiJIUzI1NiIsInR5cCI6IkpXVCJ9.eyJ0b2tlbl90eXBlIjoicmVmcmVzaCIsImV4cCI6MTc3MDc1NTAxNCwiaWF0IjoxNzcwNjY4NjE0LCJqdGkiOiJjYjg1M2E2NWM3Mjk0YzkyYWViNmM4ZDY3MTNiNDhiZiIsInVzZXJfaWQiOjF9.AClt0SqUpQQf6S1Oq4dNfMMt1o-KEXeeCdZdUAfTOoY	2026-02-09 20:23:34.865945+00	2026-02-10 20:23:34+00	1	cb853a65c7294c92aeb6c8d6713b48bf
107	eyJhbGciOiJIUzI1NiIsInR5cCI6IkpXVCJ9.eyJ0b2tlbl90eXBlIjoicmVmcmVzaCIsImV4cCI6MTc3MDc1NTExOSwiaWF0IjoxNzcwNjY4NzE5LCJqdGkiOiI4MTQ4MGFhNzI5MmQ0Y2Y0YTgyMWE2ZGY3ZWI2YmNhNyIsInVzZXJfaWQiOjV9.gYoRrepyslKI9pKtkOs5UvaWs0CIj40mzUGRTnGWM2o	2026-02-09 20:25:19.108769+00	2026-02-10 20:25:19+00	5	81480aa7292d4cf4a821a6df7eb6bca7
108	eyJhbGciOiJIUzI1NiIsInR5cCI6IkpXVCJ9.eyJ0b2tlbl90eXBlIjoicmVmcmVzaCIsImV4cCI6MTc3MDc1NzAyMCwiaWF0IjoxNzcwNjcwNjIwLCJqdGkiOiI4MGM4MDgyYjBkNDc0OTUyOTIwZWNhN2Q1N2FkMDJjNyIsInVzZXJfaWQiOjV9.9qZfNdHLHbvJUxLGbmG9ZkKQPhoqMh2k2VYjHW1YXHs	\N	2026-02-10 20:57:00+00	\N	80c8082b0d474952920eca7d57ad02c7
109	eyJhbGciOiJIUzI1NiIsInR5cCI6IkpXVCJ9.eyJ0b2tlbl90eXBlIjoicmVmcmVzaCIsImV4cCI6MTc3MDgwNTM4MCwiaWF0IjoxNzcwNzE4OTgwLCJqdGkiOiJjNTIyMjZjOWFkMzE0NDMzOTQ0NjlmOWVlZjg1YmMwOCIsInVzZXJfaWQiOjV9.oJ14ySGpNVeDzCRiW8LRyKeqYwh48389-1TdYrgIUHI	\N	2026-02-11 10:23:00+00	\N	c52226c9ad31443394469f9eef85bc08
110	eyJhbGciOiJIUzI1NiIsInR5cCI6IkpXVCJ9.eyJ0b2tlbl90eXBlIjoicmVmcmVzaCIsImV4cCI6MTc3MDgwNzQxOCwiaWF0IjoxNzcwNzIxMDE4LCJqdGkiOiJkMTdjYjEzZjkxNzU0OTNiOTkxYTI1ZmQ2ZjNiYmJmNyIsInVzZXJfaWQiOjV9.svzMyGdwTkxsmgkFEOwZ4eXCf0i6mUVddYsCTGcL9C8	\N	2026-02-11 10:56:58+00	\N	d17cb13f9175493b991a25fd6f3bbbf7
111	eyJhbGciOiJIUzI1NiIsInR5cCI6IkpXVCJ9.eyJ0b2tlbl90eXBlIjoicmVmcmVzaCIsImV4cCI6MTc3MDgwOTE2NCwiaWF0IjoxNzcwNzIyNzY0LCJqdGkiOiJhMGJlNjU4MWM5MmY0NGYzYWY1MzliOWZkNmMxYzAwYyIsInVzZXJfaWQiOjV9.ZztrCfdY0rgoc4rlRKaOIbJNhy1SfHazgRne8A67NRk	2026-02-10 11:26:04.456607+00	2026-02-11 11:26:04+00	5	a0be6581c92f44f3af539b9fd6c1c00c
112	eyJhbGciOiJIUzI1NiIsInR5cCI6IkpXVCJ9.eyJ0b2tlbl90eXBlIjoicmVmcmVzaCIsImV4cCI6MTc3MDgxMTAwMCwiaWF0IjoxNzcwNzI0NjAwLCJqdGkiOiIwNDVmZWM1YjE2Njc0YjE1OWQ5YjJjNmM2YzBiOGQwNSIsInVzZXJfaWQiOjV9.p_qEs_V4eRKt8SjudH7IromAR_N-wEpfbRMwP825pnM	\N	2026-02-11 11:56:40+00	\N	045fec5b16674b159d9b2c6c6c0b8d05
113	eyJhbGciOiJIUzI1NiIsInR5cCI6IkpXVCJ9.eyJ0b2tlbl90eXBlIjoicmVmcmVzaCIsImV4cCI6MTc3MDgxMjIwNSwiaWF0IjoxNzcwNzI1ODA1LCJqdGkiOiJhMTMyNTQ4NDIyYmE0NTRhODA3YjAxMDhkOTc1NjY3OSIsInVzZXJfaWQiOjF9.r3SwXcXXES2aKkmRv5GOaSJSFZ5HMe5OEGUaN-4oo0I	2026-02-10 12:16:45.321855+00	2026-02-11 12:16:45+00	1	a132548422ba454a807b0108d9756679
114	eyJhbGciOiJIUzI1NiIsInR5cCI6IkpXVCJ9.eyJ0b2tlbl90eXBlIjoicmVmcmVzaCIsImV4cCI6MTc3MDgyMDMwOCwiaWF0IjoxNzcwNzMzOTA4LCJqdGkiOiJmYjZkMTBlNzE0Njc0Yzc2YTg5OGE4ZDY1ZTk1ODZjZiIsInVzZXJfaWQiOjF9.qj3r7Rz-sbe1_4Zf87RK3QeelsAaFXRI4h3WOjVQHMI	\N	2026-02-11 14:31:48+00	\N	fb6d10e714674c76a898a8d65e9586cf
115	eyJhbGciOiJIUzI1NiIsInR5cCI6IkpXVCJ9.eyJ0b2tlbl90eXBlIjoicmVmcmVzaCIsImV4cCI6MTc3MDgyMDMwOCwiaWF0IjoxNzcwNzMzOTA4LCJqdGkiOiJhOGYwNmM2NmJjZmE0Yjk2ODNiOWNjNmI1ZDZkM2E4MSIsInVzZXJfaWQiOjF9.qUmNMv6oPDtkVJ6x11l3q4EbmPJFEDm5v3j8W7ZmwI8	\N	2026-02-11 14:31:48+00	\N	a8f06c66bcfa4b9683b9cc6b5d6d3a81
116	eyJhbGciOiJIUzI1NiIsInR5cCI6IkpXVCJ9.eyJ0b2tlbl90eXBlIjoicmVmcmVzaCIsImV4cCI6MTc3MDgyMDcwMiwiaWF0IjoxNzcwNzM0MzAyLCJqdGkiOiJmOTFkMmIzZTA3MmE0MWVlYTQ0MWU3M2I3MDVhM2U0YSIsInVzZXJfaWQiOjV9.lP84GV9Dlv0r5P0FQFWEOxwb0rE_VhnTC3BAcrbCyEo	2026-02-10 14:38:22.817504+00	2026-02-11 14:38:22+00	5	f91d2b3e072a41eea441e73b705a3e4a
117	eyJhbGciOiJIUzI1NiIsInR5cCI6IkpXVCJ9.eyJ0b2tlbl90eXBlIjoicmVmcmVzaCIsImV4cCI6MTc3MDgyMTU3MywiaWF0IjoxNzcwNzM1MTczLCJqdGkiOiI4MWY5YjFhYmRmN2I0NTc5YTliNjliMDNiNzJmZThmMCIsInVzZXJfaWQiOjV9.ut5b6VSi5NcqXxVXVg2HYVUspzVQazHCccB7GlR6oxY	2026-02-10 14:52:53.791026+00	2026-02-11 14:52:53+00	5	81f9b1abdf7b4579a9b69b03b72fe8f0
118	eyJhbGciOiJIUzI1NiIsInR5cCI6IkpXVCJ9.eyJ0b2tlbl90eXBlIjoicmVmcmVzaCIsImV4cCI6MTc3MDgyMjQzNywiaWF0IjoxNzcwNzM2MDM3LCJqdGkiOiJiOGZiOTUzMjhhZmI0MGQ0ODBmYWE5YWJiMzRkNjllYSIsInVzZXJfaWQiOjV9.oWvgPp4gPKIx8vXfH6FBt4s0SuNDUkocmyuB-BgfYaA	2026-02-10 15:07:17.73997+00	2026-02-11 15:07:17+00	5	b8fb95328afb40d480faa9abb34d69ea
119	eyJhbGciOiJIUzI1NiIsInR5cCI6IkpXVCJ9.eyJ0b2tlbl90eXBlIjoicmVmcmVzaCIsImV4cCI6MTc3MDgyMzQyOSwiaWF0IjoxNzcwNzM3MDI5LCJqdGkiOiJjYTJmZDYyZDA0MTE0MDRlOGE0Yjk0YWQyODU4NjQyYiIsInVzZXJfaWQiOjV9.OPml7TVGbYNxj4B5tFVUrxX3cngwzO4a-rf5E99XMEk	2026-02-10 15:23:49.290458+00	2026-02-11 15:23:49+00	5	ca2fd62d0411404e8a4b94ad2858642b
120	eyJhbGciOiJIUzI1NiIsInR5cCI6IkpXVCJ9.eyJ0b2tlbl90eXBlIjoicmVmcmVzaCIsImV4cCI6MTc3MDgyNjE0NSwiaWF0IjoxNzcwNzM5NzQ1LCJqdGkiOiIyZjUyODc1NjJhMjc0OTVmODI1N2EwN2YwNTA2MjJlOCIsInVzZXJfaWQiOjV9.ZyHX1QcKjmDFbyCPZ9YK_xXqWyIAi1QyqzK8Dv6fcvM	2026-02-10 16:09:05.745707+00	2026-02-11 16:09:05+00	5	2f5287562a27495f8257a07f050622e8
121	eyJhbGciOiJIUzI1NiIsInR5cCI6IkpXVCJ9.eyJ0b2tlbl90eXBlIjoicmVmcmVzaCIsImV4cCI6MTc3MDgyODI3NCwiaWF0IjoxNzcwNzQxODc0LCJqdGkiOiI0ZTYyM2JkOTljYjA0MjUxYmYwZWRmOGQ3Yjc0MjFiMCIsInVzZXJfaWQiOjV9.A7VilCTgBrTYxnjOywuVzYQXp3SxxaoFVskPrcal4g8	2026-02-10 16:44:34.585622+00	2026-02-11 16:44:34+00	5	4e623bd99cb04251bf0edf8d7b7421b0
122	eyJhbGciOiJIUzI1NiIsInR5cCI6IkpXVCJ9.eyJ0b2tlbl90eXBlIjoicmVmcmVzaCIsImV4cCI6MTc3MDgzMzk5NCwiaWF0IjoxNzcwNzQ3NTk0LCJqdGkiOiJmNTY2NGRkY2FiODI0MTFiOWE4YWU0OWQ5YjQyNzY4NiIsInVzZXJfaWQiOjV9.IJKIDtBKNmX4dFiF0Z41yC2CpYE7PGHyAIMW-c2XBQQ	2026-02-10 18:19:54.723981+00	2026-02-11 18:19:54+00	5	f5664ddcab82411b9a8ae49d9b427686
123	eyJhbGciOiJIUzI1NiIsInR5cCI6IkpXVCJ9.eyJ0b2tlbl90eXBlIjoicmVmcmVzaCIsImV4cCI6MTc3MDgzNDk0MCwiaWF0IjoxNzcwNzQ4NTQwLCJqdGkiOiJlOTMwOTdlMGJiM2I0YzdiODk3YWJlN2M1NTllNGIyYyIsInVzZXJfaWQiOjF9.-OnytsWhSZi2BNu2dsiQ2b206mMTVx_lGGa5a_ZT-aI	2026-02-10 18:35:40.647905+00	2026-02-11 18:35:40+00	1	e93097e0bb3b4c7b897abe7c559e4b2c
124	eyJhbGciOiJIUzI1NiIsInR5cCI6IkpXVCJ9.eyJ0b2tlbl90eXBlIjoicmVmcmVzaCIsImV4cCI6MTc3MDgzNTI0MiwiaWF0IjoxNzcwNzQ4ODQyLCJqdGkiOiJlMTk1NmQyMzNiNDY0YWI0Yjk4NDBiMjllNWI1NzAyNSIsInVzZXJfaWQiOjV9.mlJDxmEuGC_nVsKTZOB659B9x2XIsiNqWrUqBa60YGA	2026-02-10 18:40:42.229527+00	2026-02-11 18:40:42+00	5	e1956d233b464ab4b9840b29e5b57025
125	eyJhbGciOiJIUzI1NiIsInR5cCI6IkpXVCJ9.eyJ0b2tlbl90eXBlIjoicmVmcmVzaCIsImV4cCI6MTc3MDgzNzQwMiwiaWF0IjoxNzcwNzUxMDAyLCJqdGkiOiI1NTNiZDcxMTYzNTc0MTIzYmM2NDQ3NjZmNGFjZTc1YyIsInVzZXJfaWQiOjV9.okN3qWXGODMQhLh7H14q__Cne8vJ9i1K6gmAZBzdKWU	\N	2026-02-11 19:16:42+00	\N	553bd71163574123bc644766f4ace75c
126	eyJhbGciOiJIUzI1NiIsInR5cCI6IkpXVCJ9.eyJ0b2tlbl90eXBlIjoicmVmcmVzaCIsImV4cCI6MTc3MDg0NjQyOSwiaWF0IjoxNzcwNzYwMDI5LCJqdGkiOiJkZTE5ZDUyZGU1MjM0MzcwODIwYzU1YmIwNzVlOTg3NCIsInVzZXJfaWQiOjV9.HOC7A2asER6iaaHTgFRHHBa1ynoXy50z2T_pbCtVTlY	2026-02-10 21:47:09.096158+00	2026-02-11 21:47:09+00	5	de19d52de5234370820c55bb075e9874
127	eyJhbGciOiJIUzI1NiIsInR5cCI6IkpXVCJ9.eyJ0b2tlbl90eXBlIjoicmVmcmVzaCIsImV4cCI6MTc3MDg0ODI3MywiaWF0IjoxNzcwNzYxODczLCJqdGkiOiIxODQ0YWNkMGM5Njk0OTJjYTJjYjg3MDQ3MGNhZTkzMyIsInVzZXJfaWQiOjV9.EnbuzKKzqDODrFEgM2aOGtGh9IL3TmlECajyTtxe7Hg	\N	2026-02-11 22:17:53+00	\N	1844acd0c969492ca2cb870470cae933
129	eyJhbGciOiJIUzI1NiIsInR5cCI6IkpXVCJ9.eyJ0b2tlbl90eXBlIjoicmVmcmVzaCIsImV4cCI6MTc3MDg4Mzk2OCwiaWF0IjoxNzcwNzk3NTY4LCJqdGkiOiI1ZTEzNzIwNTFmYjk0ZjBhOWZjZWE0NWEzMGQ2MjA3NSIsInVzZXJfaWQiOjV9.pIXcRJNuXV9hrdcB1AB9babAU2byMjmXHKWor_1IPjM	\N	2026-02-12 08:12:48+00	\N	5e1372051fb94f0a9fcea45a30d62075
130	eyJhbGciOiJIUzI1NiIsInR5cCI6IkpXVCJ9.eyJ0b2tlbl90eXBlIjoicmVmcmVzaCIsImV4cCI6MTc3MDg5NDkyMSwiaWF0IjoxNzcwODA4NTIxLCJqdGkiOiI0OTY1MmM0Yjg2MDQ0NTM0OTlhM2Q5ODgwMzI4MGNhZCIsInVzZXJfaWQiOjV9.PT6Dii4NPj-cSASYxwpiKr-gqBIUqVIbrg9RunTlpA4	2026-02-11 11:15:21.534124+00	2026-02-12 11:15:21+00	5	49652c4b8604453499a3d98803280cad
131	eyJhbGciOiJIUzI1NiIsInR5cCI6IkpXVCJ9.eyJ0b2tlbl90eXBlIjoicmVmcmVzaCIsImV4cCI6MTc3MDg5NzA5MSwiaWF0IjoxNzcwODEwNjkxLCJqdGkiOiI0NzM1ODBjNDllYmE0ZDYzYmEwY2U4ZjUzODJjNGNjYyIsInVzZXJfaWQiOjV9.u3kNreQhqXTNyIpUVuXnmFL-TOnSDv20sfk3cENhmVw	2026-02-11 11:51:31.473681+00	2026-02-12 11:51:31+00	5	473580c49eba4d63ba0ce8f5382c4ccc
132	eyJhbGciOiJIUzI1NiIsInR5cCI6IkpXVCJ9.eyJ0b2tlbl90eXBlIjoicmVmcmVzaCIsImV4cCI6MTc3MDg5NzM3NCwiaWF0IjoxNzcwODEwOTc0LCJqdGkiOiI0YmNlOWQ3OTRmNGI0ZDYwYmZhZDQzOTkyZmQ2ZjNjYSIsInVzZXJfaWQiOjV9.y1u_64KH5PSe1QSzyShxcisID-EgwVEjMnl0Imn6d6w	2026-02-11 11:56:14.477622+00	2026-02-12 11:56:14+00	5	4bce9d794f4b4d60bfad43992fd6f3ca
133	eyJhbGciOiJIUzI1NiIsInR5cCI6IkpXVCJ9.eyJ0b2tlbl90eXBlIjoicmVmcmVzaCIsImV4cCI6MTc3MDg5NzUzNiwiaWF0IjoxNzcwODExMTM2LCJqdGkiOiIzMTFiNzhmNTQ1NDA0N2VkYjllMTg4YmVmMzU3ZjM5ZSIsInVzZXJfaWQiOjF9.C8HG_lsa8012tx4SCNe4KIwt6xQmevGOq_3QNfWP138	2026-02-11 11:58:56.064632+00	2026-02-12 11:58:56+00	1	311b78f5454047edb9e188bef357f39e
134	eyJhbGciOiJIUzI1NiIsInR5cCI6IkpXVCJ9.eyJ0b2tlbl90eXBlIjoicmVmcmVzaCIsImV4cCI6MTc3MDg5Nzg0NiwiaWF0IjoxNzcwODExNDQ2LCJqdGkiOiI2ODI0N2EzMGE4OTI0NTliYTkzNzlkMmE5NGU0MjQ2NSIsInVzZXJfaWQiOjV9.rUdMzECGvAOc_vw74nr_T9dAvWYnYcLO6LBiY7AqfIQ	2026-02-11 12:04:06.847754+00	2026-02-12 12:04:06+00	5	68247a30a892459ba9379d2a94e42465
\.


--
-- Name: Appointments_appointment_id_seq; Type: SEQUENCE SET; Schema: public; Owner: workshop
--

SELECT pg_catalog.setval('public."Appointments_appointment_id_seq"', 1, false);


--
-- Name: Customers_customer_id_seq; Type: SEQUENCE SET; Schema: public; Owner: workshop
--

SELECT pg_catalog.setval('public."Customers_customer_id_seq"', 11, true);


--
-- Name: Inventories_inventory_id_seq; Type: SEQUENCE SET; Schema: public; Owner: workshop
--

SELECT pg_catalog.setval('public."Inventories_inventory_id_seq"', 7, true);


--
-- Name: Inventories_inventorytransaction_id_seq; Type: SEQUENCE SET; Schema: public; Owner: workshop
--

SELECT pg_catalog.setval('public."Inventories_inventorytransaction_id_seq"', 8, true);


--
-- Name: Invoices_invoice_id_seq; Type: SEQUENCE SET; Schema: public; Owner: workshop
--

SELECT pg_catalog.setval('public."Invoices_invoice_id_seq"', 14, true);


--
-- Name: Mechanics_mechanic_id_seq; Type: SEQUENCE SET; Schema: public; Owner: workshop
--

SELECT pg_catalog.setval('public."Mechanics_mechanic_id_seq"', 2, true);


--
-- Name: Products_product_id_seq; Type: SEQUENCE SET; Schema: public; Owner: workshop
--

SELECT pg_catalog.setval('public."Products_product_id_seq"', 567, true);


--
-- Name: Promotions_promotion_id_seq; Type: SEQUENCE SET; Schema: public; Owner: workshop
--

SELECT pg_catalog.setval('public."Promotions_promotion_id_seq"', 1, false);


--
-- Name: ServiceRequests_productusage_id_seq; Type: SEQUENCE SET; Schema: public; Owner: workshop
--

SELECT pg_catalog.setval('public."ServiceRequests_productusage_id_seq"', 11, true);


--
-- Name: ServiceRequests_servicecategory_id_seq; Type: SEQUENCE SET; Schema: public; Owner: workshop
--

SELECT pg_catalog.setval('public."ServiceRequests_servicecategory_id_seq"', 5, true);


--
-- Name: ServiceRequests_servicerequest_id_seq; Type: SEQUENCE SET; Schema: public; Owner: workshop
--

SELECT pg_catalog.setval('public."ServiceRequests_servicerequest_id_seq"', 23, true);


--
-- Name: ServiceRequests_servicetype_id_seq; Type: SEQUENCE SET; Schema: public; Owner: workshop
--

SELECT pg_catalog.setval('public."ServiceRequests_servicetype_id_seq"', 44, true);


--
-- Name: Site_site_id_seq; Type: SEQUENCE SET; Schema: public; Owner: workshop
--

SELECT pg_catalog.setval('public."Site_site_id_seq"', 2, true);


--
-- Name: Vehicles_vehicle_id_seq; Type: SEQUENCE SET; Schema: public; Owner: workshop
--

SELECT pg_catalog.setval('public."Vehicles_vehicle_id_seq"', 6, true);


--
-- Name: accounts_customuser_groups_id_seq; Type: SEQUENCE SET; Schema: public; Owner: workshop
--

SELECT pg_catalog.setval('public.accounts_customuser_groups_id_seq', 1, false);


--
-- Name: accounts_customuser_id_seq; Type: SEQUENCE SET; Schema: public; Owner: workshop
--

SELECT pg_catalog.setval('public.accounts_customuser_id_seq', 9, true);


--
-- Name: accounts_customuser_user_permissions_id_seq; Type: SEQUENCE SET; Schema: public; Owner: workshop
--

SELECT pg_catalog.setval('public.accounts_customuser_user_permissions_id_seq', 1, false);


--
-- Name: audit_auditlog_id_seq; Type: SEQUENCE SET; Schema: public; Owner: workshop
--

SELECT pg_catalog.setval('public.audit_auditlog_id_seq', 118, true);


--
-- Name: auth_group_id_seq; Type: SEQUENCE SET; Schema: public; Owner: workshop
--

SELECT pg_catalog.setval('public.auth_group_id_seq', 1, false);


--
-- Name: auth_group_permissions_id_seq; Type: SEQUENCE SET; Schema: public; Owner: workshop
--

SELECT pg_catalog.setval('public.auth_group_permissions_id_seq', 1, false);


--
-- Name: auth_permission_id_seq; Type: SEQUENCE SET; Schema: public; Owner: workshop
--

SELECT pg_catalog.setval('public.auth_permission_id_seq', 96, true);


--
-- Name: common_displaynumbersequence_id_seq; Type: SEQUENCE SET; Schema: public; Owner: workshop
--

SELECT pg_catalog.setval('public.common_displaynumbersequence_id_seq', 2, true);


--
-- Name: django_admin_log_id_seq; Type: SEQUENCE SET; Schema: public; Owner: workshop
--

SELECT pg_catalog.setval('public.django_admin_log_id_seq', 296, true);


--
-- Name: django_content_type_id_seq; Type: SEQUENCE SET; Schema: public; Owner: workshop
--

SELECT pg_catalog.setval('public.django_content_type_id_seq', 24, true);


--
-- Name: django_migrations_id_seq; Type: SEQUENCE SET; Schema: public; Owner: workshop
--

SELECT pg_catalog.setval('public.django_migrations_id_seq', 80, true);


--
-- Name: token_blacklist_blacklistedtoken_id_seq; Type: SEQUENCE SET; Schema: public; Owner: workshop
--

SELECT pg_catalog.setval('public.token_blacklist_blacklistedtoken_id_seq', 162, true);


--
-- Name: token_blacklist_outstandingtoken_id_seq; Type: SEQUENCE SET; Schema: public; Owner: workshop
--

SELECT pg_catalog.setval('public.token_blacklist_outstandingtoken_id_seq', 134, true);


--
-- Name: Appointments_appointment Appointments_appointment_display_number_key; Type: CONSTRAINT; Schema: public; Owner: workshop
--

ALTER TABLE ONLY public."Appointments_appointment"
    ADD CONSTRAINT "Appointments_appointment_display_number_key" UNIQUE (display_number);


--
-- Name: Appointments_appointment Appointments_appointment_pkey; Type: CONSTRAINT; Schema: public; Owner: workshop
--

ALTER TABLE ONLY public."Appointments_appointment"
    ADD CONSTRAINT "Appointments_appointment_pkey" PRIMARY KEY (id);


--
-- Name: Customers_customer Customers_customer_pkey; Type: CONSTRAINT; Schema: public; Owner: workshop
--

ALTER TABLE ONLY public."Customers_customer"
    ADD CONSTRAINT "Customers_customer_pkey" PRIMARY KEY (id);


--
-- Name: Inventories_inventory Inventories_inventory_pkey; Type: CONSTRAINT; Schema: public; Owner: workshop
--

ALTER TABLE ONLY public."Inventories_inventory"
    ADD CONSTRAINT "Inventories_inventory_pkey" PRIMARY KEY (id);


--
-- Name: Inventories_inventorytransaction Inventories_inventorytransaction_pkey; Type: CONSTRAINT; Schema: public; Owner: workshop
--

ALTER TABLE ONLY public."Inventories_inventorytransaction"
    ADD CONSTRAINT "Inventories_inventorytransaction_pkey" PRIMARY KEY (id);


--
-- Name: Invoices_invoice Invoices_invoice_display_number_key; Type: CONSTRAINT; Schema: public; Owner: workshop
--

ALTER TABLE ONLY public."Invoices_invoice"
    ADD CONSTRAINT "Invoices_invoice_display_number_key" UNIQUE (display_number);


--
-- Name: Invoices_invoice Invoices_invoice_pkey; Type: CONSTRAINT; Schema: public; Owner: workshop
--

ALTER TABLE ONLY public."Invoices_invoice"
    ADD CONSTRAINT "Invoices_invoice_pkey" PRIMARY KEY (id);


--
-- Name: Mechanics_mechanic Mechanics_mechanic_pkey; Type: CONSTRAINT; Schema: public; Owner: workshop
--

ALTER TABLE ONLY public."Mechanics_mechanic"
    ADD CONSTRAINT "Mechanics_mechanic_pkey" PRIMARY KEY (id);


--
-- Name: Products_product Products_product_pkey; Type: CONSTRAINT; Schema: public; Owner: workshop
--

ALTER TABLE ONLY public."Products_product"
    ADD CONSTRAINT "Products_product_pkey" PRIMARY KEY (id);


--
-- Name: Products_product Products_product_sku_key; Type: CONSTRAINT; Schema: public; Owner: workshop
--

ALTER TABLE ONLY public."Products_product"
    ADD CONSTRAINT "Products_product_sku_key" UNIQUE (sku);


--
-- Name: Promotions_promotion Promotions_promotion_pkey; Type: CONSTRAINT; Schema: public; Owner: workshop
--

ALTER TABLE ONLY public."Promotions_promotion"
    ADD CONSTRAINT "Promotions_promotion_pkey" PRIMARY KEY (id);


--
-- Name: ServiceRequests_productusage ServiceRequests_productusage_pkey; Type: CONSTRAINT; Schema: public; Owner: workshop
--

ALTER TABLE ONLY public."ServiceRequests_productusage"
    ADD CONSTRAINT "ServiceRequests_productusage_pkey" PRIMARY KEY (id);


--
-- Name: ServiceRequests_servicecategory ServiceRequests_servicecategory_name_key; Type: CONSTRAINT; Schema: public; Owner: workshop
--

ALTER TABLE ONLY public."ServiceRequests_servicecategory"
    ADD CONSTRAINT "ServiceRequests_servicecategory_name_key" UNIQUE (name);


--
-- Name: ServiceRequests_servicecategory ServiceRequests_servicecategory_pkey; Type: CONSTRAINT; Schema: public; Owner: workshop
--

ALTER TABLE ONLY public."ServiceRequests_servicecategory"
    ADD CONSTRAINT "ServiceRequests_servicecategory_pkey" PRIMARY KEY (id);


--
-- Name: ServiceRequests_servicerequest ServiceRequests_servicerequest_display_number_key; Type: CONSTRAINT; Schema: public; Owner: workshop
--

ALTER TABLE ONLY public."ServiceRequests_servicerequest"
    ADD CONSTRAINT "ServiceRequests_servicerequest_display_number_key" UNIQUE (display_number);


--
-- Name: ServiceRequests_servicerequest ServiceRequests_servicerequest_pkey; Type: CONSTRAINT; Schema: public; Owner: workshop
--

ALTER TABLE ONLY public."ServiceRequests_servicerequest"
    ADD CONSTRAINT "ServiceRequests_servicerequest_pkey" PRIMARY KEY (id);


--
-- Name: ServiceRequests_servicetype ServiceRequests_servicetype_category_id_name_b0bb428e_uniq; Type: CONSTRAINT; Schema: public; Owner: workshop
--

ALTER TABLE ONLY public."ServiceRequests_servicetype"
    ADD CONSTRAINT "ServiceRequests_servicetype_category_id_name_b0bb428e_uniq" UNIQUE (category_id, name);


--
-- Name: ServiceRequests_servicetype ServiceRequests_servicetype_pkey; Type: CONSTRAINT; Schema: public; Owner: workshop
--

ALTER TABLE ONLY public."ServiceRequests_servicetype"
    ADD CONSTRAINT "ServiceRequests_servicetype_pkey" PRIMARY KEY (id);


--
-- Name: Site_site Site_site_pkey; Type: CONSTRAINT; Schema: public; Owner: workshop
--

ALTER TABLE ONLY public."Site_site"
    ADD CONSTRAINT "Site_site_pkey" PRIMARY KEY (id);


--
-- Name: Vehicles_vehicle Vehicles_vehicle_pkey; Type: CONSTRAINT; Schema: public; Owner: workshop
--

ALTER TABLE ONLY public."Vehicles_vehicle"
    ADD CONSTRAINT "Vehicles_vehicle_pkey" PRIMARY KEY (id);


--
-- Name: accounts_customuser accounts_customuser_email_key; Type: CONSTRAINT; Schema: public; Owner: workshop
--

ALTER TABLE ONLY public.accounts_customuser
    ADD CONSTRAINT accounts_customuser_email_key UNIQUE (email);


--
-- Name: accounts_customuser_groups accounts_customuser_groups_customuser_id_group_id_c074bdcb_uniq; Type: CONSTRAINT; Schema: public; Owner: workshop
--

ALTER TABLE ONLY public.accounts_customuser_groups
    ADD CONSTRAINT accounts_customuser_groups_customuser_id_group_id_c074bdcb_uniq UNIQUE (customuser_id, group_id);


--
-- Name: accounts_customuser_groups accounts_customuser_groups_pkey; Type: CONSTRAINT; Schema: public; Owner: workshop
--

ALTER TABLE ONLY public.accounts_customuser_groups
    ADD CONSTRAINT accounts_customuser_groups_pkey PRIMARY KEY (id);


--
-- Name: accounts_customuser accounts_customuser_pkey; Type: CONSTRAINT; Schema: public; Owner: workshop
--

ALTER TABLE ONLY public.accounts_customuser
    ADD CONSTRAINT accounts_customuser_pkey PRIMARY KEY (id);


--
-- Name: accounts_customuser_user_permissions accounts_customuser_user_customuser_id_permission_9632a709_uniq; Type: CONSTRAINT; Schema: public; Owner: workshop
--

ALTER TABLE ONLY public.accounts_customuser_user_permissions
    ADD CONSTRAINT accounts_customuser_user_customuser_id_permission_9632a709_uniq UNIQUE (customuser_id, permission_id);


--
-- Name: accounts_customuser_user_permissions accounts_customuser_user_permissions_pkey; Type: CONSTRAINT; Schema: public; Owner: workshop
--

ALTER TABLE ONLY public.accounts_customuser_user_permissions
    ADD CONSTRAINT accounts_customuser_user_permissions_pkey PRIMARY KEY (id);


--
-- Name: audit_auditlog audit_auditlog_pkey; Type: CONSTRAINT; Schema: public; Owner: workshop
--

ALTER TABLE ONLY public.audit_auditlog
    ADD CONSTRAINT audit_auditlog_pkey PRIMARY KEY (id);


--
-- Name: auth_group auth_group_name_key; Type: CONSTRAINT; Schema: public; Owner: workshop
--

ALTER TABLE ONLY public.auth_group
    ADD CONSTRAINT auth_group_name_key UNIQUE (name);


--
-- Name: auth_group_permissions auth_group_permissions_group_id_permission_id_0cd325b0_uniq; Type: CONSTRAINT; Schema: public; Owner: workshop
--

ALTER TABLE ONLY public.auth_group_permissions
    ADD CONSTRAINT auth_group_permissions_group_id_permission_id_0cd325b0_uniq UNIQUE (group_id, permission_id);


--
-- Name: auth_group_permissions auth_group_permissions_pkey; Type: CONSTRAINT; Schema: public; Owner: workshop
--

ALTER TABLE ONLY public.auth_group_permissions
    ADD CONSTRAINT auth_group_permissions_pkey PRIMARY KEY (id);


--
-- Name: auth_group auth_group_pkey; Type: CONSTRAINT; Schema: public; Owner: workshop
--

ALTER TABLE ONLY public.auth_group
    ADD CONSTRAINT auth_group_pkey PRIMARY KEY (id);


--
-- Name: auth_permission auth_permission_content_type_id_codename_01ab375a_uniq; Type: CONSTRAINT; Schema: public; Owner: workshop
--

ALTER TABLE ONLY public.auth_permission
    ADD CONSTRAINT auth_permission_content_type_id_codename_01ab375a_uniq UNIQUE (content_type_id, codename);


--
-- Name: auth_permission auth_permission_pkey; Type: CONSTRAINT; Schema: public; Owner: workshop
--

ALTER TABLE ONLY public.auth_permission
    ADD CONSTRAINT auth_permission_pkey PRIMARY KEY (id);


--
-- Name: common_displaynumbersequence common_displaynumbersequence_pkey; Type: CONSTRAINT; Schema: public; Owner: workshop
--

ALTER TABLE ONLY public.common_displaynumbersequence
    ADD CONSTRAINT common_displaynumbersequence_pkey PRIMARY KEY (id);


--
-- Name: common_displaynumbersequence common_displaynumbersequence_prefix_year_13d1f5e5_uniq; Type: CONSTRAINT; Schema: public; Owner: workshop
--

ALTER TABLE ONLY public.common_displaynumbersequence
    ADD CONSTRAINT common_displaynumbersequence_prefix_year_13d1f5e5_uniq UNIQUE (prefix, year);


--
-- Name: django_admin_log django_admin_log_pkey; Type: CONSTRAINT; Schema: public; Owner: workshop
--

ALTER TABLE ONLY public.django_admin_log
    ADD CONSTRAINT django_admin_log_pkey PRIMARY KEY (id);


--
-- Name: django_content_type django_content_type_app_label_model_76bd3d3b_uniq; Type: CONSTRAINT; Schema: public; Owner: workshop
--

ALTER TABLE ONLY public.django_content_type
    ADD CONSTRAINT django_content_type_app_label_model_76bd3d3b_uniq UNIQUE (app_label, model);


--
-- Name: django_content_type django_content_type_pkey; Type: CONSTRAINT; Schema: public; Owner: workshop
--

ALTER TABLE ONLY public.django_content_type
    ADD CONSTRAINT django_content_type_pkey PRIMARY KEY (id);


--
-- Name: django_migrations django_migrations_pkey; Type: CONSTRAINT; Schema: public; Owner: workshop
--

ALTER TABLE ONLY public.django_migrations
    ADD CONSTRAINT django_migrations_pkey PRIMARY KEY (id);


--
-- Name: django_session django_session_pkey; Type: CONSTRAINT; Schema: public; Owner: workshop
--

ALTER TABLE ONLY public.django_session
    ADD CONSTRAINT django_session_pkey PRIMARY KEY (session_key);


--
-- Name: token_blacklist_blacklistedtoken token_blacklist_blacklistedtoken_pkey; Type: CONSTRAINT; Schema: public; Owner: workshop
--

ALTER TABLE ONLY public.token_blacklist_blacklistedtoken
    ADD CONSTRAINT token_blacklist_blacklistedtoken_pkey PRIMARY KEY (id);


--
-- Name: token_blacklist_blacklistedtoken token_blacklist_blacklistedtoken_token_id_key; Type: CONSTRAINT; Schema: public; Owner: workshop
--

ALTER TABLE ONLY public.token_blacklist_blacklistedtoken
    ADD CONSTRAINT token_blacklist_blacklistedtoken_token_id_key UNIQUE (token_id);


--
-- Name: token_blacklist_outstandingtoken token_blacklist_outstandingtoken_jti_hex_d9bdf6f7_uniq; Type: CONSTRAINT; Schema: public; Owner: workshop
--

ALTER TABLE ONLY public.token_blacklist_outstandingtoken
    ADD CONSTRAINT token_blacklist_outstandingtoken_jti_hex_d9bdf6f7_uniq UNIQUE (jti);


--
-- Name: token_blacklist_outstandingtoken token_blacklist_outstandingtoken_pkey; Type: CONSTRAINT; Schema: public; Owner: workshop
--

ALTER TABLE ONLY public.token_blacklist_outstandingtoken
    ADD CONSTRAINT token_blacklist_outstandingtoken_pkey PRIMARY KEY (id);


--
-- Name: Inventories_inventory unique_product_site_inventory; Type: CONSTRAINT; Schema: public; Owner: workshop
--

ALTER TABLE ONLY public."Inventories_inventory"
    ADD CONSTRAINT unique_product_site_inventory UNIQUE (product_id, site_id);


--
-- Name: Appointments_appointment_customer_id_1f2a984f; Type: INDEX; Schema: public; Owner: workshop
--

CREATE INDEX "Appointments_appointment_customer_id_1f2a984f" ON public."Appointments_appointment" USING btree (customer_id);


--
-- Name: Appointments_appointment_display_number_dd3a68f9_like; Type: INDEX; Schema: public; Owner: workshop
--

CREATE INDEX "Appointments_appointment_display_number_dd3a68f9_like" ON public."Appointments_appointment" USING btree (display_number varchar_pattern_ops);


--
-- Name: Appointments_appointment_mechanic_id_5686a270; Type: INDEX; Schema: public; Owner: workshop
--

CREATE INDEX "Appointments_appointment_mechanic_id_5686a270" ON public."Appointments_appointment" USING btree (mechanic_id);


--
-- Name: Appointments_appointment_service_request_id_4ee616c9; Type: INDEX; Schema: public; Owner: workshop
--

CREATE INDEX "Appointments_appointment_service_request_id_4ee616c9" ON public."Appointments_appointment" USING btree (service_request_id);


--
-- Name: Appointments_appointment_site_id_5462dbad; Type: INDEX; Schema: public; Owner: workshop
--

CREATE INDEX "Appointments_appointment_site_id_5462dbad" ON public."Appointments_appointment" USING btree (site_id);


--
-- Name: Appointments_appointment_vehicle_id_c20d4d43; Type: INDEX; Schema: public; Owner: workshop
--

CREATE INDEX "Appointments_appointment_vehicle_id_c20d4d43" ON public."Appointments_appointment" USING btree (vehicle_id);


--
-- Name: Inventories_inventory_product_id_b66004ab; Type: INDEX; Schema: public; Owner: workshop
--

CREATE INDEX "Inventories_inventory_product_id_b66004ab" ON public."Inventories_inventory" USING btree (product_id);


--
-- Name: Inventories_inventory_site_id_1725ff63; Type: INDEX; Schema: public; Owner: workshop
--

CREATE INDEX "Inventories_inventory_site_id_1725ff63" ON public."Inventories_inventory" USING btree (site_id);


--
-- Name: Inventories_inventorytransaction_created_by_id_aceb8108; Type: INDEX; Schema: public; Owner: workshop
--

CREATE INDEX "Inventories_inventorytransaction_created_by_id_aceb8108" ON public."Inventories_inventorytransaction" USING btree (created_by_id);


--
-- Name: Inventories_inventorytransaction_inventory_id_a03f6e71; Type: INDEX; Schema: public; Owner: workshop
--

CREATE INDEX "Inventories_inventorytransaction_inventory_id_a03f6e71" ON public."Inventories_inventorytransaction" USING btree (inventory_id);


--
-- Name: Invoices_invoice_display_number_b4559db0_like; Type: INDEX; Schema: public; Owner: workshop
--

CREATE INDEX "Invoices_invoice_display_number_b4559db0_like" ON public."Invoices_invoice" USING btree (display_number varchar_pattern_ops);


--
-- Name: Invoices_invoice_promotion_id_6807ecd2; Type: INDEX; Schema: public; Owner: workshop
--

CREATE INDEX "Invoices_invoice_promotion_id_6807ecd2" ON public."Invoices_invoice" USING btree (promotion_id);


--
-- Name: Invoices_invoice_service_request_id_e4b571ac; Type: INDEX; Schema: public; Owner: workshop
--

CREATE INDEX "Invoices_invoice_service_request_id_e4b571ac" ON public."Invoices_invoice" USING btree (service_request_id);


--
-- Name: Mechanics_mechanic_site_id_e7678110; Type: INDEX; Schema: public; Owner: workshop
--

CREATE INDEX "Mechanics_mechanic_site_id_e7678110" ON public."Mechanics_mechanic" USING btree (site_id);


--
-- Name: Products_product_fmsi_number_b6cd1c22; Type: INDEX; Schema: public; Owner: workshop
--

CREATE INDEX "Products_product_fmsi_number_b6cd1c22" ON public."Products_product" USING btree (fmsi_number);


--
-- Name: Products_product_fmsi_number_b6cd1c22_like; Type: INDEX; Schema: public; Owner: workshop
--

CREATE INDEX "Products_product_fmsi_number_b6cd1c22_like" ON public."Products_product" USING btree (fmsi_number varchar_pattern_ops);


--
-- Name: Products_product_product_type_fd82158e; Type: INDEX; Schema: public; Owner: workshop
--

CREATE INDEX "Products_product_product_type_fd82158e" ON public."Products_product" USING btree (product_type);


--
-- Name: Products_product_product_type_fd82158e_like; Type: INDEX; Schema: public; Owner: workshop
--

CREATE INDEX "Products_product_product_type_fd82158e_like" ON public."Products_product" USING btree (product_type varchar_pattern_ops);


--
-- Name: Products_product_sku_6ac10150_like; Type: INDEX; Schema: public; Owner: workshop
--

CREATE INDEX "Products_product_sku_6ac10150_like" ON public."Products_product" USING btree (sku varchar_pattern_ops);


--
-- Name: ServiceRequests_productusage_product_id_8806a071; Type: INDEX; Schema: public; Owner: workshop
--

CREATE INDEX "ServiceRequests_productusage_product_id_8806a071" ON public."ServiceRequests_productusage" USING btree (product_id);


--
-- Name: ServiceRequests_productusage_service_request_id_ebae1ab0; Type: INDEX; Schema: public; Owner: workshop
--

CREATE INDEX "ServiceRequests_productusage_service_request_id_ebae1ab0" ON public."ServiceRequests_productusage" USING btree (service_request_id);


--
-- Name: ServiceRequests_servicecategory_name_28e46a28_like; Type: INDEX; Schema: public; Owner: workshop
--

CREATE INDEX "ServiceRequests_servicecategory_name_28e46a28_like" ON public."ServiceRequests_servicecategory" USING btree (name varchar_pattern_ops);


--
-- Name: ServiceRequests_servicerequest_assigned_mechanic_id_83578a00; Type: INDEX; Schema: public; Owner: workshop
--

CREATE INDEX "ServiceRequests_servicerequest_assigned_mechanic_id_83578a00" ON public."ServiceRequests_servicerequest" USING btree (assigned_mechanic_id);


--
-- Name: ServiceRequests_servicerequest_customer_id_2c5b7261; Type: INDEX; Schema: public; Owner: workshop
--

CREATE INDEX "ServiceRequests_servicerequest_customer_id_2c5b7261" ON public."ServiceRequests_servicerequest" USING btree (customer_id);


--
-- Name: ServiceRequests_servicerequest_display_number_ed3b8f7d_like; Type: INDEX; Schema: public; Owner: workshop
--

CREATE INDEX "ServiceRequests_servicerequest_display_number_ed3b8f7d_like" ON public."ServiceRequests_servicerequest" USING btree (display_number varchar_pattern_ops);


--
-- Name: ServiceRequests_servicerequest_service_type_id_57d24463; Type: INDEX; Schema: public; Owner: workshop
--

CREATE INDEX "ServiceRequests_servicerequest_service_type_id_57d24463" ON public."ServiceRequests_servicerequest" USING btree (service_type_id);


--
-- Name: ServiceRequests_servicerequest_site_id_a0b524b3; Type: INDEX; Schema: public; Owner: workshop
--

CREATE INDEX "ServiceRequests_servicerequest_site_id_a0b524b3" ON public."ServiceRequests_servicerequest" USING btree (site_id);


--
-- Name: ServiceRequests_servicerequest_vehicle_id_69965f11; Type: INDEX; Schema: public; Owner: workshop
--

CREATE INDEX "ServiceRequests_servicerequest_vehicle_id_69965f11" ON public."ServiceRequests_servicerequest" USING btree (vehicle_id);


--
-- Name: ServiceRequests_servicetype_category_id_ee62c3ff; Type: INDEX; Schema: public; Owner: workshop
--

CREATE INDEX "ServiceRequests_servicetype_category_id_ee62c3ff" ON public."ServiceRequests_servicetype" USING btree (category_id);


--
-- Name: Site_site_manager_id_12e6f69e; Type: INDEX; Schema: public; Owner: workshop
--

CREATE INDEX "Site_site_manager_id_12e6f69e" ON public."Site_site" USING btree (manager_id);


--
-- Name: Vehicles_vehicle_customer_id_ca6564db; Type: INDEX; Schema: public; Owner: workshop
--

CREATE INDEX "Vehicles_vehicle_customer_id_ca6564db" ON public."Vehicles_vehicle" USING btree (customer_id);


--
-- Name: Vehicles_vehicle_site_id_af7f0657; Type: INDEX; Schema: public; Owner: workshop
--

CREATE INDEX "Vehicles_vehicle_site_id_af7f0657" ON public."Vehicles_vehicle" USING btree (site_id);


--
-- Name: accounts_customuser_email_4fd8e7ce_like; Type: INDEX; Schema: public; Owner: workshop
--

CREATE INDEX accounts_customuser_email_4fd8e7ce_like ON public.accounts_customuser USING btree (email varchar_pattern_ops);


--
-- Name: accounts_customuser_groups_customuser_id_bc55088e; Type: INDEX; Schema: public; Owner: workshop
--

CREATE INDEX accounts_customuser_groups_customuser_id_bc55088e ON public.accounts_customuser_groups USING btree (customuser_id);


--
-- Name: accounts_customuser_groups_group_id_86ba5f9e; Type: INDEX; Schema: public; Owner: workshop
--

CREATE INDEX accounts_customuser_groups_group_id_86ba5f9e ON public.accounts_customuser_groups USING btree (group_id);


--
-- Name: accounts_customuser_site_id_bfce7f7f; Type: INDEX; Schema: public; Owner: workshop
--

CREATE INDEX accounts_customuser_site_id_bfce7f7f ON public.accounts_customuser USING btree (site_id);


--
-- Name: accounts_customuser_user_permissions_customuser_id_0deaefae; Type: INDEX; Schema: public; Owner: workshop
--

CREATE INDEX accounts_customuser_user_permissions_customuser_id_0deaefae ON public.accounts_customuser_user_permissions USING btree (customuser_id);


--
-- Name: accounts_customuser_user_permissions_permission_id_aea3d0e5; Type: INDEX; Schema: public; Owner: workshop
--

CREATE INDEX accounts_customuser_user_permissions_permission_id_aea3d0e5 ON public.accounts_customuser_user_permissions USING btree (permission_id);


--
-- Name: audit_auditlog_user_id_c1cca96c; Type: INDEX; Schema: public; Owner: workshop
--

CREATE INDEX audit_auditlog_user_id_c1cca96c ON public.audit_auditlog USING btree (user_id);


--
-- Name: auth_group_name_a6ea08ec_like; Type: INDEX; Schema: public; Owner: workshop
--

CREATE INDEX auth_group_name_a6ea08ec_like ON public.auth_group USING btree (name varchar_pattern_ops);


--
-- Name: auth_group_permissions_group_id_b120cbf9; Type: INDEX; Schema: public; Owner: workshop
--

CREATE INDEX auth_group_permissions_group_id_b120cbf9 ON public.auth_group_permissions USING btree (group_id);


--
-- Name: auth_group_permissions_permission_id_84c5c92e; Type: INDEX; Schema: public; Owner: workshop
--

CREATE INDEX auth_group_permissions_permission_id_84c5c92e ON public.auth_group_permissions USING btree (permission_id);


--
-- Name: auth_permission_content_type_id_2f476e4b; Type: INDEX; Schema: public; Owner: workshop
--

CREATE INDEX auth_permission_content_type_id_2f476e4b ON public.auth_permission USING btree (content_type_id);


--
-- Name: common_displaynumbersequence_prefix_53b0da51; Type: INDEX; Schema: public; Owner: workshop
--

CREATE INDEX common_displaynumbersequence_prefix_53b0da51 ON public.common_displaynumbersequence USING btree (prefix);


--
-- Name: common_displaynumbersequence_prefix_53b0da51_like; Type: INDEX; Schema: public; Owner: workshop
--

CREATE INDEX common_displaynumbersequence_prefix_53b0da51_like ON public.common_displaynumbersequence USING btree (prefix varchar_pattern_ops);


--
-- Name: common_displaynumbersequence_year_20d1cea1; Type: INDEX; Schema: public; Owner: workshop
--

CREATE INDEX common_displaynumbersequence_year_20d1cea1 ON public.common_displaynumbersequence USING btree (year);


--
-- Name: django_admin_log_content_type_id_c4bce8eb; Type: INDEX; Schema: public; Owner: workshop
--

CREATE INDEX django_admin_log_content_type_id_c4bce8eb ON public.django_admin_log USING btree (content_type_id);


--
-- Name: django_admin_log_user_id_c564eba6; Type: INDEX; Schema: public; Owner: workshop
--

CREATE INDEX django_admin_log_user_id_c564eba6 ON public.django_admin_log USING btree (user_id);


--
-- Name: django_session_expire_date_a5c62663; Type: INDEX; Schema: public; Owner: workshop
--

CREATE INDEX django_session_expire_date_a5c62663 ON public.django_session USING btree (expire_date);


--
-- Name: django_session_session_key_c0390e0f_like; Type: INDEX; Schema: public; Owner: workshop
--

CREATE INDEX django_session_session_key_c0390e0f_like ON public.django_session USING btree (session_key varchar_pattern_ops);


--
-- Name: token_blacklist_outstandingtoken_jti_hex_d9bdf6f7_like; Type: INDEX; Schema: public; Owner: workshop
--

CREATE INDEX token_blacklist_outstandingtoken_jti_hex_d9bdf6f7_like ON public.token_blacklist_outstandingtoken USING btree (jti varchar_pattern_ops);


--
-- Name: token_blacklist_outstandingtoken_user_id_83bc629a; Type: INDEX; Schema: public; Owner: workshop
--

CREATE INDEX token_blacklist_outstandingtoken_user_id_83bc629a ON public.token_blacklist_outstandingtoken USING btree (user_id);


--
-- Name: Appointments_appointment Appointments_appoint_customer_id_1f2a984f_fk_Customers; Type: FK CONSTRAINT; Schema: public; Owner: workshop
--

ALTER TABLE ONLY public."Appointments_appointment"
    ADD CONSTRAINT "Appointments_appoint_customer_id_1f2a984f_fk_Customers" FOREIGN KEY (customer_id) REFERENCES public."Customers_customer"(id) DEFERRABLE INITIALLY DEFERRED;


--
-- Name: Appointments_appointment Appointments_appoint_mechanic_id_5686a270_fk_Mechanics; Type: FK CONSTRAINT; Schema: public; Owner: workshop
--

ALTER TABLE ONLY public."Appointments_appointment"
    ADD CONSTRAINT "Appointments_appoint_mechanic_id_5686a270_fk_Mechanics" FOREIGN KEY (mechanic_id) REFERENCES public."Mechanics_mechanic"(id) DEFERRABLE INITIALLY DEFERRED;


--
-- Name: Appointments_appointment Appointments_appoint_service_request_id_4ee616c9_fk_ServiceRe; Type: FK CONSTRAINT; Schema: public; Owner: workshop
--

ALTER TABLE ONLY public."Appointments_appointment"
    ADD CONSTRAINT "Appointments_appoint_service_request_id_4ee616c9_fk_ServiceRe" FOREIGN KEY (service_request_id) REFERENCES public."ServiceRequests_servicerequest"(id) DEFERRABLE INITIALLY DEFERRED;


--
-- Name: Appointments_appointment Appointments_appoint_vehicle_id_c20d4d43_fk_Vehicles_; Type: FK CONSTRAINT; Schema: public; Owner: workshop
--

ALTER TABLE ONLY public."Appointments_appointment"
    ADD CONSTRAINT "Appointments_appoint_vehicle_id_c20d4d43_fk_Vehicles_" FOREIGN KEY (vehicle_id) REFERENCES public."Vehicles_vehicle"(id) DEFERRABLE INITIALLY DEFERRED;


--
-- Name: Appointments_appointment Appointments_appointment_site_id_5462dbad_fk_Site_site_id; Type: FK CONSTRAINT; Schema: public; Owner: workshop
--

ALTER TABLE ONLY public."Appointments_appointment"
    ADD CONSTRAINT "Appointments_appointment_site_id_5462dbad_fk_Site_site_id" FOREIGN KEY (site_id) REFERENCES public."Site_site"(id) DEFERRABLE INITIALLY DEFERRED;


--
-- Name: Inventories_inventorytransaction Inventories_inventor_created_by_id_aceb8108_fk_accounts_; Type: FK CONSTRAINT; Schema: public; Owner: workshop
--

ALTER TABLE ONLY public."Inventories_inventorytransaction"
    ADD CONSTRAINT "Inventories_inventor_created_by_id_aceb8108_fk_accounts_" FOREIGN KEY (created_by_id) REFERENCES public.accounts_customuser(id) DEFERRABLE INITIALLY DEFERRED;


--
-- Name: Inventories_inventorytransaction Inventories_inventor_inventory_id_a03f6e71_fk_Inventori; Type: FK CONSTRAINT; Schema: public; Owner: workshop
--

ALTER TABLE ONLY public."Inventories_inventorytransaction"
    ADD CONSTRAINT "Inventories_inventor_inventory_id_a03f6e71_fk_Inventori" FOREIGN KEY (inventory_id) REFERENCES public."Inventories_inventory"(id) DEFERRABLE INITIALLY DEFERRED;


--
-- Name: Inventories_inventory Inventories_inventor_product_id_b66004ab_fk_Products_; Type: FK CONSTRAINT; Schema: public; Owner: workshop
--

ALTER TABLE ONLY public."Inventories_inventory"
    ADD CONSTRAINT "Inventories_inventor_product_id_b66004ab_fk_Products_" FOREIGN KEY (product_id) REFERENCES public."Products_product"(id) DEFERRABLE INITIALLY DEFERRED;


--
-- Name: Inventories_inventory Inventories_inventory_site_id_1725ff63_fk_Site_site_id; Type: FK CONSTRAINT; Schema: public; Owner: workshop
--

ALTER TABLE ONLY public."Inventories_inventory"
    ADD CONSTRAINT "Inventories_inventory_site_id_1725ff63_fk_Site_site_id" FOREIGN KEY (site_id) REFERENCES public."Site_site"(id) DEFERRABLE INITIALLY DEFERRED;


--
-- Name: Invoices_invoice Invoices_invoice_promotion_id_6807ecd2_fk_Promotion; Type: FK CONSTRAINT; Schema: public; Owner: workshop
--

ALTER TABLE ONLY public."Invoices_invoice"
    ADD CONSTRAINT "Invoices_invoice_promotion_id_6807ecd2_fk_Promotion" FOREIGN KEY (promotion_id) REFERENCES public."Promotions_promotion"(id) DEFERRABLE INITIALLY DEFERRED;


--
-- Name: Invoices_invoice Invoices_invoice_service_request_id_e4b571ac_fk_ServiceRe; Type: FK CONSTRAINT; Schema: public; Owner: workshop
--

ALTER TABLE ONLY public."Invoices_invoice"
    ADD CONSTRAINT "Invoices_invoice_service_request_id_e4b571ac_fk_ServiceRe" FOREIGN KEY (service_request_id) REFERENCES public."ServiceRequests_servicerequest"(id) DEFERRABLE INITIALLY DEFERRED;


--
-- Name: Mechanics_mechanic Mechanics_mechanic_site_id_e7678110_fk_Site_site_id; Type: FK CONSTRAINT; Schema: public; Owner: workshop
--

ALTER TABLE ONLY public."Mechanics_mechanic"
    ADD CONSTRAINT "Mechanics_mechanic_site_id_e7678110_fk_Site_site_id" FOREIGN KEY (site_id) REFERENCES public."Site_site"(id) DEFERRABLE INITIALLY DEFERRED;


--
-- Name: ServiceRequests_productusage ServiceRequests_prod_product_id_8806a071_fk_Products_; Type: FK CONSTRAINT; Schema: public; Owner: workshop
--

ALTER TABLE ONLY public."ServiceRequests_productusage"
    ADD CONSTRAINT "ServiceRequests_prod_product_id_8806a071_fk_Products_" FOREIGN KEY (product_id) REFERENCES public."Products_product"(id) DEFERRABLE INITIALLY DEFERRED;


--
-- Name: ServiceRequests_productusage ServiceRequests_prod_service_request_id_ebae1ab0_fk_ServiceRe; Type: FK CONSTRAINT; Schema: public; Owner: workshop
--

ALTER TABLE ONLY public."ServiceRequests_productusage"
    ADD CONSTRAINT "ServiceRequests_prod_service_request_id_ebae1ab0_fk_ServiceRe" FOREIGN KEY (service_request_id) REFERENCES public."ServiceRequests_servicerequest"(id) DEFERRABLE INITIALLY DEFERRED;


--
-- Name: ServiceRequests_servicerequest ServiceRequests_serv_assigned_mechanic_id_83578a00_fk_Mechanics; Type: FK CONSTRAINT; Schema: public; Owner: workshop
--

ALTER TABLE ONLY public."ServiceRequests_servicerequest"
    ADD CONSTRAINT "ServiceRequests_serv_assigned_mechanic_id_83578a00_fk_Mechanics" FOREIGN KEY (assigned_mechanic_id) REFERENCES public."Mechanics_mechanic"(id) DEFERRABLE INITIALLY DEFERRED;


--
-- Name: ServiceRequests_servicetype ServiceRequests_serv_category_id_ee62c3ff_fk_ServiceRe; Type: FK CONSTRAINT; Schema: public; Owner: workshop
--

ALTER TABLE ONLY public."ServiceRequests_servicetype"
    ADD CONSTRAINT "ServiceRequests_serv_category_id_ee62c3ff_fk_ServiceRe" FOREIGN KEY (category_id) REFERENCES public."ServiceRequests_servicecategory"(id) DEFERRABLE INITIALLY DEFERRED;


--
-- Name: ServiceRequests_servicerequest ServiceRequests_serv_customer_id_2c5b7261_fk_Customers; Type: FK CONSTRAINT; Schema: public; Owner: workshop
--

ALTER TABLE ONLY public."ServiceRequests_servicerequest"
    ADD CONSTRAINT "ServiceRequests_serv_customer_id_2c5b7261_fk_Customers" FOREIGN KEY (customer_id) REFERENCES public."Customers_customer"(id) DEFERRABLE INITIALLY DEFERRED;


--
-- Name: ServiceRequests_servicerequest ServiceRequests_serv_service_type_id_57d24463_fk_ServiceRe; Type: FK CONSTRAINT; Schema: public; Owner: workshop
--

ALTER TABLE ONLY public."ServiceRequests_servicerequest"
    ADD CONSTRAINT "ServiceRequests_serv_service_type_id_57d24463_fk_ServiceRe" FOREIGN KEY (service_type_id) REFERENCES public."ServiceRequests_servicetype"(id) DEFERRABLE INITIALLY DEFERRED;


--
-- Name: ServiceRequests_servicerequest ServiceRequests_serv_vehicle_id_69965f11_fk_Vehicles_; Type: FK CONSTRAINT; Schema: public; Owner: workshop
--

ALTER TABLE ONLY public."ServiceRequests_servicerequest"
    ADD CONSTRAINT "ServiceRequests_serv_vehicle_id_69965f11_fk_Vehicles_" FOREIGN KEY (vehicle_id) REFERENCES public."Vehicles_vehicle"(id) DEFERRABLE INITIALLY DEFERRED;


--
-- Name: ServiceRequests_servicerequest ServiceRequests_servicerequest_site_id_a0b524b3_fk_Site_site_id; Type: FK CONSTRAINT; Schema: public; Owner: workshop
--

ALTER TABLE ONLY public."ServiceRequests_servicerequest"
    ADD CONSTRAINT "ServiceRequests_servicerequest_site_id_a0b524b3_fk_Site_site_id" FOREIGN KEY (site_id) REFERENCES public."Site_site"(id) DEFERRABLE INITIALLY DEFERRED;


--
-- Name: Site_site Site_site_manager_id_12e6f69e_fk_accounts_customuser_id; Type: FK CONSTRAINT; Schema: public; Owner: workshop
--

ALTER TABLE ONLY public."Site_site"
    ADD CONSTRAINT "Site_site_manager_id_12e6f69e_fk_accounts_customuser_id" FOREIGN KEY (manager_id) REFERENCES public.accounts_customuser(id) DEFERRABLE INITIALLY DEFERRED;


--
-- Name: Vehicles_vehicle Vehicles_vehicle_customer_id_ca6564db_fk_Customers_customer_id; Type: FK CONSTRAINT; Schema: public; Owner: workshop
--

ALTER TABLE ONLY public."Vehicles_vehicle"
    ADD CONSTRAINT "Vehicles_vehicle_customer_id_ca6564db_fk_Customers_customer_id" FOREIGN KEY (customer_id) REFERENCES public."Customers_customer"(id) DEFERRABLE INITIALLY DEFERRED;


--
-- Name: Vehicles_vehicle Vehicles_vehicle_site_id_af7f0657_fk_Site_site_id; Type: FK CONSTRAINT; Schema: public; Owner: workshop
--

ALTER TABLE ONLY public."Vehicles_vehicle"
    ADD CONSTRAINT "Vehicles_vehicle_site_id_af7f0657_fk_Site_site_id" FOREIGN KEY (site_id) REFERENCES public."Site_site"(id) DEFERRABLE INITIALLY DEFERRED;


--
-- Name: accounts_customuser_user_permissions accounts_customuser__customuser_id_0deaefae_fk_accounts_; Type: FK CONSTRAINT; Schema: public; Owner: workshop
--

ALTER TABLE ONLY public.accounts_customuser_user_permissions
    ADD CONSTRAINT accounts_customuser__customuser_id_0deaefae_fk_accounts_ FOREIGN KEY (customuser_id) REFERENCES public.accounts_customuser(id) DEFERRABLE INITIALLY DEFERRED;


--
-- Name: accounts_customuser_groups accounts_customuser__customuser_id_bc55088e_fk_accounts_; Type: FK CONSTRAINT; Schema: public; Owner: workshop
--

ALTER TABLE ONLY public.accounts_customuser_groups
    ADD CONSTRAINT accounts_customuser__customuser_id_bc55088e_fk_accounts_ FOREIGN KEY (customuser_id) REFERENCES public.accounts_customuser(id) DEFERRABLE INITIALLY DEFERRED;


--
-- Name: accounts_customuser_user_permissions accounts_customuser__permission_id_aea3d0e5_fk_auth_perm; Type: FK CONSTRAINT; Schema: public; Owner: workshop
--

ALTER TABLE ONLY public.accounts_customuser_user_permissions
    ADD CONSTRAINT accounts_customuser__permission_id_aea3d0e5_fk_auth_perm FOREIGN KEY (permission_id) REFERENCES public.auth_permission(id) DEFERRABLE INITIALLY DEFERRED;


--
-- Name: accounts_customuser_groups accounts_customuser_groups_group_id_86ba5f9e_fk_auth_group_id; Type: FK CONSTRAINT; Schema: public; Owner: workshop
--

ALTER TABLE ONLY public.accounts_customuser_groups
    ADD CONSTRAINT accounts_customuser_groups_group_id_86ba5f9e_fk_auth_group_id FOREIGN KEY (group_id) REFERENCES public.auth_group(id) DEFERRABLE INITIALLY DEFERRED;


--
-- Name: accounts_customuser accounts_customuser_site_id_bfce7f7f_fk_Site_site_id; Type: FK CONSTRAINT; Schema: public; Owner: workshop
--

ALTER TABLE ONLY public.accounts_customuser
    ADD CONSTRAINT "accounts_customuser_site_id_bfce7f7f_fk_Site_site_id" FOREIGN KEY (site_id) REFERENCES public."Site_site"(id) DEFERRABLE INITIALLY DEFERRED;


--
-- Name: audit_auditlog audit_auditlog_user_id_c1cca96c_fk_accounts_customuser_id; Type: FK CONSTRAINT; Schema: public; Owner: workshop
--

ALTER TABLE ONLY public.audit_auditlog
    ADD CONSTRAINT audit_auditlog_user_id_c1cca96c_fk_accounts_customuser_id FOREIGN KEY (user_id) REFERENCES public.accounts_customuser(id) DEFERRABLE INITIALLY DEFERRED;


--
-- Name: auth_group_permissions auth_group_permissio_permission_id_84c5c92e_fk_auth_perm; Type: FK CONSTRAINT; Schema: public; Owner: workshop
--

ALTER TABLE ONLY public.auth_group_permissions
    ADD CONSTRAINT auth_group_permissio_permission_id_84c5c92e_fk_auth_perm FOREIGN KEY (permission_id) REFERENCES public.auth_permission(id) DEFERRABLE INITIALLY DEFERRED;


--
-- Name: auth_group_permissions auth_group_permissions_group_id_b120cbf9_fk_auth_group_id; Type: FK CONSTRAINT; Schema: public; Owner: workshop
--

ALTER TABLE ONLY public.auth_group_permissions
    ADD CONSTRAINT auth_group_permissions_group_id_b120cbf9_fk_auth_group_id FOREIGN KEY (group_id) REFERENCES public.auth_group(id) DEFERRABLE INITIALLY DEFERRED;


--
-- Name: auth_permission auth_permission_content_type_id_2f476e4b_fk_django_co; Type: FK CONSTRAINT; Schema: public; Owner: workshop
--

ALTER TABLE ONLY public.auth_permission
    ADD CONSTRAINT auth_permission_content_type_id_2f476e4b_fk_django_co FOREIGN KEY (content_type_id) REFERENCES public.django_content_type(id) DEFERRABLE INITIALLY DEFERRED;


--
-- Name: django_admin_log django_admin_log_content_type_id_c4bce8eb_fk_django_co; Type: FK CONSTRAINT; Schema: public; Owner: workshop
--

ALTER TABLE ONLY public.django_admin_log
    ADD CONSTRAINT django_admin_log_content_type_id_c4bce8eb_fk_django_co FOREIGN KEY (content_type_id) REFERENCES public.django_content_type(id) DEFERRABLE INITIALLY DEFERRED;


--
-- Name: django_admin_log django_admin_log_user_id_c564eba6_fk_accounts_customuser_id; Type: FK CONSTRAINT; Schema: public; Owner: workshop
--

ALTER TABLE ONLY public.django_admin_log
    ADD CONSTRAINT django_admin_log_user_id_c564eba6_fk_accounts_customuser_id FOREIGN KEY (user_id) REFERENCES public.accounts_customuser(id) DEFERRABLE INITIALLY DEFERRED;


--
-- Name: token_blacklist_blacklistedtoken token_blacklist_blacklistedtoken_token_id_3cc7fe56_fk; Type: FK CONSTRAINT; Schema: public; Owner: workshop
--

ALTER TABLE ONLY public.token_blacklist_blacklistedtoken
    ADD CONSTRAINT token_blacklist_blacklistedtoken_token_id_3cc7fe56_fk FOREIGN KEY (token_id) REFERENCES public.token_blacklist_outstandingtoken(id) DEFERRABLE INITIALLY DEFERRED;


--
-- Name: token_blacklist_outstandingtoken token_blacklist_outs_user_id_83bc629a_fk_accounts_; Type: FK CONSTRAINT; Schema: public; Owner: workshop
--

ALTER TABLE ONLY public.token_blacklist_outstandingtoken
    ADD CONSTRAINT token_blacklist_outs_user_id_83bc629a_fk_accounts_ FOREIGN KEY (user_id) REFERENCES public.accounts_customuser(id) DEFERRABLE INITIALLY DEFERRED;


--
-- PostgreSQL database dump complete
--

\unrestrict wZEo3yGNau0m2cuT2gX0UZ4iGcQy4s6823zebXgb9gsb9hf2w85UNTtulVplgdq

